,evaluations,method,classifier,dataset,performance
0,7,Wrapper_NSGA2,ABCMeta,0,0.906
1,7,Wrapper_NSGA2,ABCMeta,0,0.906
2,7,Wrapper_NSGA2,ABCMeta,0,0.906
3,7,Wrapper_NSGA2,ABCMeta,0,0.906
4,7,Wrapper_NSGA2,ABCMeta,0,0.906
5,8,Wrapper_NSGA2,ABCMeta,0,0.906
6,8,Wrapper_NSGA2,ABCMeta,0,0.906
7,12,Wrapper_NSGA2,ABCMeta,0,0.906
8,12,Wrapper_NSGA2,ABCMeta,0,0.906
9,15,Wrapper_NSGA2,ABCMeta,0,0.906
10,17,Wrapper_NSGA2,ABCMeta,0,0.9095
11,18,Wrapper_NSGA2,ABCMeta,0,0.9095
12,20,Wrapper_NSGA2,ABCMeta,0,0.9095
13,20,Wrapper_NSGA2,ABCMeta,0,0.9095
14,20,Wrapper_NSGA2,ABCMeta,0,0.9095
15,21,Wrapper_NSGA2,ABCMeta,0,0.9095
16,22,Wrapper_NSGA2,ABCMeta,0,0.9095
17,22,Wrapper_NSGA2,ABCMeta,0,0.9095
18,23,Wrapper_NSGA2,ABCMeta,0,0.9095
19,25,Wrapper_NSGA2,ABCMeta,0,0.9095
20,25,Wrapper_NSGA2,ABCMeta,0,0.9095
21,25,Wrapper_NSGA2,ABCMeta,0,0.9095
22,26,Wrapper_NSGA2,ABCMeta,0,0.9095
23,27,Wrapper_NSGA2,ABCMeta,0,0.9095
24,27,Wrapper_NSGA2,ABCMeta,0,0.9095
25,27,Wrapper_NSGA2,ABCMeta,0,0.9095
26,28,Wrapper_NSGA2,ABCMeta,0,0.9095
27,29,Wrapper_NSGA2,ABCMeta,0,0.9095
28,30,Wrapper_NSGA2,ABCMeta,0,0.9095
29,31,Wrapper_NSGA2,ABCMeta,0,0.9245000000000001
30,33,Wrapper_NSGA2,ABCMeta,0,0.9245000000000001
31,35,Wrapper_NSGA2,ABCMeta,0,0.9259999999999999
32,35,Wrapper_NSGA2,ABCMeta,0,0.9259999999999999
33,37,Wrapper_NSGA2,ABCMeta,0,0.9259999999999999
34,39,Wrapper_NSGA2,ABCMeta,0,0.9259999999999999
35,41,Wrapper_NSGA2,ABCMeta,0,0.9345
36,41,Wrapper_NSGA2,ABCMeta,0,0.9345
37,44,Wrapper_NSGA2,ABCMeta,0,0.9345
38,44,Wrapper_NSGA2,ABCMeta,0,0.9345
39,44,Wrapper_NSGA2,ABCMeta,0,0.9345
40,45,Wrapper_NSGA2,ABCMeta,0,0.9345
41,47,Wrapper_NSGA2,ABCMeta,0,0.9345
42,48,Wrapper_NSGA2,ABCMeta,0,0.9345
43,48,Wrapper_NSGA2,ABCMeta,0,0.9345
44,48,Wrapper_NSGA2,ABCMeta,0,0.9345
45,51,Wrapper_NSGA2,ABCMeta,0,0.9345
46,53,Wrapper_NSGA2,ABCMeta,0,0.9345
47,53,Wrapper_NSGA2,ABCMeta,0,0.9345
48,53,Wrapper_NSGA2,ABCMeta,0,0.9345
49,58,Wrapper_NSGA2,ABCMeta,0,0.9345
50,59,Wrapper_NSGA2,ABCMeta,0,0.9345
51,59,Wrapper_NSGA2,ABCMeta,0,0.9345
52,61,Wrapper_NSGA2,ABCMeta,0,0.9345
53,62,Wrapper_NSGA2,ABCMeta,0,0.9345
54,62,Wrapper_NSGA2,ABCMeta,0,0.9345
55,62,Wrapper_NSGA2,ABCMeta,0,0.9345
56,62,Wrapper_NSGA2,ABCMeta,0,0.9345
57,62,Wrapper_NSGA2,ABCMeta,0,0.9345
58,62,Wrapper_NSGA2,ABCMeta,0,0.9345
59,63,Wrapper_NSGA2,ABCMeta,0,0.9345
60,64,Wrapper_NSGA2,ABCMeta,0,0.9345
61,65,Wrapper_NSGA2,ABCMeta,0,0.9345
62,65,Wrapper_NSGA2,ABCMeta,0,0.9345
63,66,Wrapper_NSGA2,ABCMeta,0,0.9345
64,68,Wrapper_NSGA2,ABCMeta,0,0.9345
65,70,Wrapper_NSGA2,ABCMeta,0,0.9345
66,71,Wrapper_NSGA2,ABCMeta,0,0.9345
67,72,Wrapper_NSGA2,ABCMeta,0,0.9345
68,73,Wrapper_NSGA2,ABCMeta,0,0.9345
69,73,Wrapper_NSGA2,ABCMeta,0,0.9345
70,73,Wrapper_NSGA2,ABCMeta,0,0.9345
71,74,Wrapper_NSGA2,ABCMeta,0,0.9345
72,75,Wrapper_NSGA2,ABCMeta,0,0.9345
73,75,Wrapper_NSGA2,ABCMeta,0,0.9345
74,77,Wrapper_NSGA2,ABCMeta,0,0.9345
75,77,Wrapper_NSGA2,ABCMeta,0,0.9345
76,77,Wrapper_NSGA2,ABCMeta,0,0.9345
77,79,Wrapper_NSGA2,ABCMeta,0,0.9345
78,79,Wrapper_NSGA2,ABCMeta,0,0.9345
79,80,Wrapper_NSGA2,ABCMeta,0,0.9345
80,81,Wrapper_NSGA2,ABCMeta,0,0.9345
81,84,Wrapper_NSGA2,ABCMeta,0,0.9345
82,84,Wrapper_NSGA2,ABCMeta,0,0.9345
83,85,Wrapper_NSGA2,ABCMeta,0,0.9345
84,86,Wrapper_NSGA2,ABCMeta,0,0.9345
85,86,Wrapper_NSGA2,ABCMeta,0,0.9345
86,86,Wrapper_NSGA2,ABCMeta,0,0.9345
87,88,Wrapper_NSGA2,ABCMeta,0,0.9345
88,91,Wrapper_NSGA2,ABCMeta,0,0.9345
89,93,Wrapper_NSGA2,ABCMeta,0,0.9345
90,95,Wrapper_NSGA2,ABCMeta,0,0.9345
91,97,Wrapper_NSGA2,ABCMeta,0,0.9345
92,99,Wrapper_NSGA2,ABCMeta,0,0.9345
93,101,Wrapper_NSGA2,ABCMeta,0,0.9345
94,101,Wrapper_NSGA2,ABCMeta,0,0.9345
95,101,Wrapper_NSGA2,ABCMeta,0,0.9345
96,101,Wrapper_NSGA2,ABCMeta,0,0.9345
97,102,Wrapper_NSGA2,ABCMeta,0,0.9345
98,103,Wrapper_NSGA2,ABCMeta,0,0.9345
99,104,Wrapper_NSGA2,ABCMeta,0,0.9345
100,1,Wrapper_Model,ABCMeta,0,0.8175
101,2,Wrapper_Model,ABCMeta,0,0.8175
102,3,Wrapper_Model,ABCMeta,0,0.8175
103,4,Wrapper_Model,ABCMeta,0,0.8175
104,5,Wrapper_Model,ABCMeta,0,0.8175
105,6,Wrapper_Model,ABCMeta,0,0.8175
106,7,Wrapper_Model,ABCMeta,0,0.8175
107,8,Wrapper_Model,ABCMeta,0,0.8175
108,9,Wrapper_Model,ABCMeta,0,0.8175
109,10,Wrapper_Model,ABCMeta,0,0.847
110,11,Wrapper_Model,ABCMeta,0,0.847
111,12,Wrapper_Model,ABCMeta,0,0.847
112,13,Wrapper_Model,ABCMeta,0,0.847
113,14,Wrapper_Model,ABCMeta,0,0.847
114,15,Wrapper_Model,ABCMeta,0,0.847
115,16,Wrapper_Model,ABCMeta,0,0.847
116,17,Wrapper_Model,ABCMeta,0,0.847
117,18,Wrapper_Model,ABCMeta,0,0.847
118,19,Wrapper_Model,ABCMeta,0,0.847
119,20,Wrapper_Model,ABCMeta,0,0.847
120,21,Wrapper_Model,ABCMeta,0,0.847
121,22,Wrapper_Model,ABCMeta,0,0.847
122,23,Wrapper_Model,ABCMeta,0,0.847
123,24,Wrapper_Model,ABCMeta,0,0.847
124,25,Wrapper_Model,ABCMeta,0,0.9065000000000001
125,26,Wrapper_Model,ABCMeta,0,0.908
126,27,Wrapper_Model,ABCMeta,0,0.908
127,28,Wrapper_Model,ABCMeta,0,0.908
128,29,Wrapper_Model,ABCMeta,0,0.908
129,30,Wrapper_Model,ABCMeta,0,0.909
130,31,Wrapper_Model,ABCMeta,0,0.909
131,32,Wrapper_Model,ABCMeta,0,0.909
132,33,Wrapper_Model,ABCMeta,0,0.909
133,34,Wrapper_Model,ABCMeta,0,0.909
134,35,Wrapper_Model,ABCMeta,0,0.909
135,36,Wrapper_Model,ABCMeta,0,0.909
136,37,Wrapper_Model,ABCMeta,0,0.909
137,38,Wrapper_Model,ABCMeta,0,0.909
138,39,Wrapper_Model,ABCMeta,0,0.909
139,40,Wrapper_Model,ABCMeta,0,0.909
140,41,Wrapper_Model,ABCMeta,0,0.909
141,42,Wrapper_Model,ABCMeta,0,0.909
142,43,Wrapper_Model,ABCMeta,0,0.909
143,44,Wrapper_Model,ABCMeta,0,0.9185000000000001
144,45,Wrapper_Model,ABCMeta,0,0.9185000000000001
145,46,Wrapper_Model,ABCMeta,0,0.9185000000000001
146,47,Wrapper_Model,ABCMeta,0,0.9185000000000001
147,48,Wrapper_Model,ABCMeta,0,0.9185000000000001
148,49,Wrapper_Model,ABCMeta,0,0.9185000000000001
149,50,Wrapper_Model,ABCMeta,0,0.9185000000000001
150,51,Wrapper_Model,ABCMeta,0,0.9185000000000001
151,52,Wrapper_Model,ABCMeta,0,0.9185000000000001
152,53,Wrapper_Model,ABCMeta,0,0.9185000000000001
153,54,Wrapper_Model,ABCMeta,0,0.9185000000000001
154,55,Wrapper_Model,ABCMeta,0,0.9185000000000001
155,56,Wrapper_Model,ABCMeta,0,0.9185000000000001
156,57,Wrapper_Model,ABCMeta,0,0.9185000000000001
157,58,Wrapper_Model,ABCMeta,0,0.9185000000000001
158,59,Wrapper_Model,ABCMeta,0,0.9185000000000001
159,60,Wrapper_Model,ABCMeta,0,0.9185000000000001
160,61,Wrapper_Model,ABCMeta,0,0.9185000000000001
161,62,Wrapper_Model,ABCMeta,0,0.9185000000000001
162,63,Wrapper_Model,ABCMeta,0,0.9185000000000001
163,64,Wrapper_Model,ABCMeta,0,0.9185000000000001
164,65,Wrapper_Model,ABCMeta,0,0.9185000000000001
165,66,Wrapper_Model,ABCMeta,0,0.9185000000000001
166,67,Wrapper_Model,ABCMeta,0,0.9185000000000001
167,68,Wrapper_Model,ABCMeta,0,0.9185000000000001
168,69,Wrapper_Model,ABCMeta,0,0.9185000000000001
169,70,Wrapper_Model,ABCMeta,0,0.9185000000000001
170,71,Wrapper_Model,ABCMeta,0,0.9185000000000001
171,72,Wrapper_Model,ABCMeta,0,0.9185000000000001
172,73,Wrapper_Model,ABCMeta,0,0.9185000000000001
173,74,Wrapper_Model,ABCMeta,0,0.9185000000000001
174,75,Wrapper_Model,ABCMeta,0,0.9185000000000001
175,76,Wrapper_Model,ABCMeta,0,0.9185000000000001
176,77,Wrapper_Model,ABCMeta,0,0.9185000000000001
177,78,Wrapper_Model,ABCMeta,0,0.9185000000000001
178,79,Wrapper_Model,ABCMeta,0,0.9185000000000001
179,80,Wrapper_Model,ABCMeta,0,0.9185000000000001
180,81,Wrapper_Model,ABCMeta,0,0.9185000000000001
181,82,Wrapper_Model,ABCMeta,0,0.9185000000000001
182,83,Wrapper_Model,ABCMeta,0,0.9185000000000001
183,84,Wrapper_Model,ABCMeta,0,0.9185000000000001
184,85,Wrapper_Model,ABCMeta,0,0.9185000000000001
185,86,Wrapper_Model,ABCMeta,0,0.9185000000000001
186,87,Wrapper_Model,ABCMeta,0,0.9185000000000001
187,88,Wrapper_Model,ABCMeta,0,0.9185000000000001
188,89,Wrapper_Model,ABCMeta,0,0.9185000000000001
189,90,Wrapper_Model,ABCMeta,0,0.9185000000000001
190,91,Wrapper_Model,ABCMeta,0,0.9185000000000001
191,92,Wrapper_Model,ABCMeta,0,0.9185000000000001
192,93,Wrapper_Model,ABCMeta,0,0.9185000000000001
193,94,Wrapper_Model,ABCMeta,0,0.9185000000000001
194,95,Wrapper_Model,ABCMeta,0,0.9185000000000001
195,96,Wrapper_Model,ABCMeta,0,0.9185000000000001
196,97,Wrapper_Model,ABCMeta,0,0.9185000000000001
197,98,Wrapper_Model,ABCMeta,0,0.9185000000000001
198,99,Wrapper_Model,ABCMeta,0,0.9185000000000001
199,100,Wrapper_Model,ABCMeta,0,0.9185000000000001
200,2,Wrapper_Fishburn,ABCMeta,0,0.7304999999999999
201,3,Wrapper_Fishburn,ABCMeta,0,0.7304999999999999
202,4,Wrapper_Fishburn,ABCMeta,0,0.756
203,5,Wrapper_Fishburn,ABCMeta,0,0.756
204,6,Wrapper_Fishburn,ABCMeta,0,0.9135
205,7,Wrapper_Fishburn,ABCMeta,0,0.9135
206,8,Wrapper_Fishburn,ABCMeta,0,0.9135
207,9,Wrapper_Fishburn,ABCMeta,0,0.9135
208,10,Wrapper_Fishburn,ABCMeta,0,0.9135
209,11,Wrapper_Fishburn,ABCMeta,0,0.9135
210,12,Wrapper_Fishburn,ABCMeta,0,0.9135
211,13,Wrapper_Fishburn,ABCMeta,0,0.9135
212,14,Wrapper_Fishburn,ABCMeta,0,0.9135
213,15,Wrapper_Fishburn,ABCMeta,0,0.9135
214,16,Wrapper_Fishburn,ABCMeta,0,0.9135
215,17,Wrapper_Fishburn,ABCMeta,0,0.9135
216,18,Wrapper_Fishburn,ABCMeta,0,0.9135
217,19,Wrapper_Fishburn,ABCMeta,0,0.9135
218,20,Wrapper_Fishburn,ABCMeta,0,0.9135
219,21,Wrapper_Fishburn,ABCMeta,0,0.9135
220,22,Wrapper_Fishburn,ABCMeta,0,0.9135
221,23,Wrapper_Fishburn,ABCMeta,0,0.9135
222,24,Wrapper_Fishburn,ABCMeta,0,0.9135
223,25,Wrapper_Fishburn,ABCMeta,0,0.9135
224,26,Wrapper_Fishburn,ABCMeta,0,0.9165000000000001
225,27,Wrapper_Fishburn,ABCMeta,0,0.9165000000000001
226,28,Wrapper_Fishburn,ABCMeta,0,0.9165000000000001
227,29,Wrapper_Fishburn,ABCMeta,0,0.9165000000000001
228,30,Wrapper_Fishburn,ABCMeta,0,0.9165000000000001
229,31,Wrapper_Fishburn,ABCMeta,0,0.9165000000000001
230,32,Wrapper_Fishburn,ABCMeta,0,0.9165000000000001
231,33,Wrapper_Fishburn,ABCMeta,0,0.9165000000000001
232,34,Wrapper_Fishburn,ABCMeta,0,0.9165000000000001
233,35,Wrapper_Fishburn,ABCMeta,0,0.9165000000000001
234,36,Wrapper_Fishburn,ABCMeta,0,0.933
235,37,Wrapper_Fishburn,ABCMeta,0,0.933
236,38,Wrapper_Fishburn,ABCMeta,0,0.933
237,39,Wrapper_Fishburn,ABCMeta,0,0.933
238,40,Wrapper_Fishburn,ABCMeta,0,0.933
239,41,Wrapper_Fishburn,ABCMeta,0,0.933
240,42,Wrapper_Fishburn,ABCMeta,0,0.933
241,43,Wrapper_Fishburn,ABCMeta,0,0.933
242,44,Wrapper_Fishburn,ABCMeta,0,0.933
243,45,Wrapper_Fishburn,ABCMeta,0,0.933
244,46,Wrapper_Fishburn,ABCMeta,0,0.933
245,47,Wrapper_Fishburn,ABCMeta,0,0.933
246,48,Wrapper_Fishburn,ABCMeta,0,0.933
247,49,Wrapper_Fishburn,ABCMeta,0,0.933
248,50,Wrapper_Fishburn,ABCMeta,0,0.933
249,51,Wrapper_Fishburn,ABCMeta,0,0.933
250,52,Wrapper_Fishburn,ABCMeta,0,0.933
251,53,Wrapper_Fishburn,ABCMeta,0,0.933
252,54,Wrapper_Fishburn,ABCMeta,0,0.933
253,55,Wrapper_Fishburn,ABCMeta,0,0.933
254,56,Wrapper_Fishburn,ABCMeta,0,0.933
255,57,Wrapper_Fishburn,ABCMeta,0,0.933
256,58,Wrapper_Fishburn,ABCMeta,0,0.933
257,59,Wrapper_Fishburn,ABCMeta,0,0.933
258,60,Wrapper_Fishburn,ABCMeta,0,0.933
259,61,Wrapper_Fishburn,ABCMeta,0,0.933
260,62,Wrapper_Fishburn,ABCMeta,0,0.933
261,63,Wrapper_Fishburn,ABCMeta,0,0.933
262,64,Wrapper_Fishburn,ABCMeta,0,0.933
263,65,Wrapper_Fishburn,ABCMeta,0,0.933
264,66,Wrapper_Fishburn,ABCMeta,0,0.933
265,67,Wrapper_Fishburn,ABCMeta,0,0.933
266,68,Wrapper_Fishburn,ABCMeta,0,0.933
267,69,Wrapper_Fishburn,ABCMeta,0,0.933
268,70,Wrapper_Fishburn,ABCMeta,0,0.933
269,71,Wrapper_Fishburn,ABCMeta,0,0.933
270,72,Wrapper_Fishburn,ABCMeta,0,0.933
271,73,Wrapper_Fishburn,ABCMeta,0,0.933
272,74,Wrapper_Fishburn,ABCMeta,0,0.933
273,75,Wrapper_Fishburn,ABCMeta,0,0.933
274,76,Wrapper_Fishburn,ABCMeta,0,0.933
275,77,Wrapper_Fishburn,ABCMeta,0,0.933
276,78,Wrapper_Fishburn,ABCMeta,0,0.933
277,79,Wrapper_Fishburn,ABCMeta,0,0.933
278,80,Wrapper_Fishburn,ABCMeta,0,0.933
279,81,Wrapper_Fishburn,ABCMeta,0,0.933
280,82,Wrapper_Fishburn,ABCMeta,0,0.933
281,83,Wrapper_Fishburn,ABCMeta,0,0.933
282,84,Wrapper_Fishburn,ABCMeta,0,0.933
283,85,Wrapper_Fishburn,ABCMeta,0,0.933
284,86,Wrapper_Fishburn,ABCMeta,0,0.933
285,87,Wrapper_Fishburn,ABCMeta,0,0.933
286,88,Wrapper_Fishburn,ABCMeta,0,0.933
287,89,Wrapper_Fishburn,ABCMeta,0,0.933
288,90,Wrapper_Fishburn,ABCMeta,0,0.933
289,91,Wrapper_Fishburn,ABCMeta,0,0.933
290,92,Wrapper_Fishburn,ABCMeta,0,0.933
291,93,Wrapper_Fishburn,ABCMeta,0,0.933
292,94,Wrapper_Fishburn,ABCMeta,0,0.933
293,95,Wrapper_Fishburn,ABCMeta,0,0.933
294,96,Wrapper_Fishburn,ABCMeta,0,0.933
295,97,Wrapper_Fishburn,ABCMeta,0,0.933
296,98,Wrapper_Fishburn,ABCMeta,0,0.933
297,99,Wrapper_Fishburn,ABCMeta,0,0.933
298,100,Wrapper_Fishburn,ABCMeta,0,0.933
299,101,Wrapper_Fishburn,ABCMeta,0,0.933
300,6,Wrapper_NSGA2,ABCMeta,1,0.914
301,7,Wrapper_NSGA2,ABCMeta,1,0.9145000000000001
302,10,Wrapper_NSGA2,ABCMeta,1,0.917
303,14,Wrapper_NSGA2,ABCMeta,1,0.917
304,17,Wrapper_NSGA2,ABCMeta,1,0.917
305,17,Wrapper_NSGA2,ABCMeta,1,0.917
306,18,Wrapper_NSGA2,ABCMeta,1,0.917
307,20,Wrapper_NSGA2,ABCMeta,1,0.917
308,22,Wrapper_NSGA2,ABCMeta,1,0.917
309,22,Wrapper_NSGA2,ABCMeta,1,0.917
310,22,Wrapper_NSGA2,ABCMeta,1,0.917
311,22,Wrapper_NSGA2,ABCMeta,1,0.917
312,24,Wrapper_NSGA2,ABCMeta,1,0.917
313,25,Wrapper_NSGA2,ABCMeta,1,0.917
314,25,Wrapper_NSGA2,ABCMeta,1,0.917
315,26,Wrapper_NSGA2,ABCMeta,1,0.917
316,26,Wrapper_NSGA2,ABCMeta,1,0.917
317,27,Wrapper_NSGA2,ABCMeta,1,0.917
318,29,Wrapper_NSGA2,ABCMeta,1,0.917
319,31,Wrapper_NSGA2,ABCMeta,1,0.917
320,33,Wrapper_NSGA2,ABCMeta,1,0.917
321,34,Wrapper_NSGA2,ABCMeta,1,0.917
322,37,Wrapper_NSGA2,ABCMeta,1,0.917
323,38,Wrapper_NSGA2,ABCMeta,1,0.917
324,41,Wrapper_NSGA2,ABCMeta,1,0.917
325,42,Wrapper_NSGA2,ABCMeta,1,0.917
326,44,Wrapper_NSGA2,ABCMeta,1,0.917
327,44,Wrapper_NSGA2,ABCMeta,1,0.917
328,44,Wrapper_NSGA2,ABCMeta,1,0.917
329,46,Wrapper_NSGA2,ABCMeta,1,0.917
330,46,Wrapper_NSGA2,ABCMeta,1,0.917
331,48,Wrapper_NSGA2,ABCMeta,1,0.917
332,50,Wrapper_NSGA2,ABCMeta,1,0.917
333,51,Wrapper_NSGA2,ABCMeta,1,0.917
334,52,Wrapper_NSGA2,ABCMeta,1,0.917
335,54,Wrapper_NSGA2,ABCMeta,1,0.917
336,54,Wrapper_NSGA2,ABCMeta,1,0.917
337,54,Wrapper_NSGA2,ABCMeta,1,0.917
338,54,Wrapper_NSGA2,ABCMeta,1,0.917
339,54,Wrapper_NSGA2,ABCMeta,1,0.917
340,55,Wrapper_NSGA2,ABCMeta,1,0.917
341,57,Wrapper_NSGA2,ABCMeta,1,0.917
342,58,Wrapper_NSGA2,ABCMeta,1,0.917
343,58,Wrapper_NSGA2,ABCMeta,1,0.917
344,59,Wrapper_NSGA2,ABCMeta,1,0.917
345,60,Wrapper_NSGA2,ABCMeta,1,0.917
346,63,Wrapper_NSGA2,ABCMeta,1,0.917
347,64,Wrapper_NSGA2,ABCMeta,1,0.917
348,64,Wrapper_NSGA2,ABCMeta,1,0.917
349,64,Wrapper_NSGA2,ABCMeta,1,0.917
350,67,Wrapper_NSGA2,ABCMeta,1,0.917
351,70,Wrapper_NSGA2,ABCMeta,1,0.917
352,72,Wrapper_NSGA2,ABCMeta,1,0.917
353,73,Wrapper_NSGA2,ABCMeta,1,0.917
354,74,Wrapper_NSGA2,ABCMeta,1,0.917
355,74,Wrapper_NSGA2,ABCMeta,1,0.917
356,77,Wrapper_NSGA2,ABCMeta,1,0.917
357,78,Wrapper_NSGA2,ABCMeta,1,0.917
358,79,Wrapper_NSGA2,ABCMeta,1,0.917
359,80,Wrapper_NSGA2,ABCMeta,1,0.917
360,80,Wrapper_NSGA2,ABCMeta,1,0.917
361,80,Wrapper_NSGA2,ABCMeta,1,0.917
362,81,Wrapper_NSGA2,ABCMeta,1,0.917
363,83,Wrapper_NSGA2,ABCMeta,1,0.917
364,85,Wrapper_NSGA2,ABCMeta,1,0.917
365,88,Wrapper_NSGA2,ABCMeta,1,0.917
366,90,Wrapper_NSGA2,ABCMeta,1,0.917
367,90,Wrapper_NSGA2,ABCMeta,1,0.917
368,90,Wrapper_NSGA2,ABCMeta,1,0.917
369,92,Wrapper_NSGA2,ABCMeta,1,0.917
370,92,Wrapper_NSGA2,ABCMeta,1,0.917
371,94,Wrapper_NSGA2,ABCMeta,1,0.917
372,96,Wrapper_NSGA2,ABCMeta,1,0.917
373,97,Wrapper_NSGA2,ABCMeta,1,0.917
374,99,Wrapper_NSGA2,ABCMeta,1,0.917
375,99,Wrapper_NSGA2,ABCMeta,1,0.917
376,103,Wrapper_NSGA2,ABCMeta,1,0.917
377,104,Wrapper_NSGA2,ABCMeta,1,0.917
378,106,Wrapper_NSGA2,ABCMeta,1,0.917
379,109,Wrapper_NSGA2,ABCMeta,1,0.917
380,109,Wrapper_NSGA2,ABCMeta,1,0.917
381,110,Wrapper_NSGA2,ABCMeta,1,0.9185000000000001
382,113,Wrapper_NSGA2,ABCMeta,1,0.9185000000000001
383,113,Wrapper_NSGA2,ABCMeta,1,0.9185000000000001
384,113,Wrapper_NSGA2,ABCMeta,1,0.9185000000000001
385,113,Wrapper_NSGA2,ABCMeta,1,0.9185000000000001
386,114,Wrapper_NSGA2,ABCMeta,1,0.9185000000000001
387,116,Wrapper_NSGA2,ABCMeta,1,0.9185000000000001
388,116,Wrapper_NSGA2,ABCMeta,1,0.9185000000000001
389,118,Wrapper_NSGA2,ABCMeta,1,0.9185000000000001
390,120,Wrapper_NSGA2,ABCMeta,1,0.9185000000000001
391,120,Wrapper_NSGA2,ABCMeta,1,0.9185000000000001
392,120,Wrapper_NSGA2,ABCMeta,1,0.9185000000000001
393,121,Wrapper_NSGA2,ABCMeta,1,0.9185000000000001
394,121,Wrapper_NSGA2,ABCMeta,1,0.9185000000000001
395,121,Wrapper_NSGA2,ABCMeta,1,0.9185000000000001
396,121,Wrapper_NSGA2,ABCMeta,1,0.9185000000000001
397,125,Wrapper_NSGA2,ABCMeta,1,0.9185000000000001
398,126,Wrapper_NSGA2,ABCMeta,1,0.9185000000000001
399,126,Wrapper_NSGA2,ABCMeta,1,0.9185000000000001
400,1,Wrapper_Model,ABCMeta,1,0.9135
401,2,Wrapper_Model,ABCMeta,1,0.9135
402,3,Wrapper_Model,ABCMeta,1,0.9135
403,4,Wrapper_Model,ABCMeta,1,0.9175
404,5,Wrapper_Model,ABCMeta,1,0.9175
405,6,Wrapper_Model,ABCMeta,1,0.9175
406,7,Wrapper_Model,ABCMeta,1,0.9175
407,8,Wrapper_Model,ABCMeta,1,0.9175
408,9,Wrapper_Model,ABCMeta,1,0.9175
409,10,Wrapper_Model,ABCMeta,1,0.9175
410,11,Wrapper_Model,ABCMeta,1,0.9175
411,12,Wrapper_Model,ABCMeta,1,0.9175
412,13,Wrapper_Model,ABCMeta,1,0.9175
413,14,Wrapper_Model,ABCMeta,1,0.9175
414,15,Wrapper_Model,ABCMeta,1,0.9175
415,16,Wrapper_Model,ABCMeta,1,0.9175
416,17,Wrapper_Model,ABCMeta,1,0.9175
417,18,Wrapper_Model,ABCMeta,1,0.9175
418,19,Wrapper_Model,ABCMeta,1,0.9175
419,20,Wrapper_Model,ABCMeta,1,0.9175
420,21,Wrapper_Model,ABCMeta,1,0.9175
421,22,Wrapper_Model,ABCMeta,1,0.9175
422,23,Wrapper_Model,ABCMeta,1,0.9175
423,24,Wrapper_Model,ABCMeta,1,0.9175
424,25,Wrapper_Model,ABCMeta,1,0.9175
425,26,Wrapper_Model,ABCMeta,1,0.9175
426,27,Wrapper_Model,ABCMeta,1,0.9175
427,28,Wrapper_Model,ABCMeta,1,0.9175
428,29,Wrapper_Model,ABCMeta,1,0.9175
429,30,Wrapper_Model,ABCMeta,1,0.9175
430,31,Wrapper_Model,ABCMeta,1,0.9175
431,32,Wrapper_Model,ABCMeta,1,0.9175
432,33,Wrapper_Model,ABCMeta,1,0.9175
433,34,Wrapper_Model,ABCMeta,1,0.9175
434,35,Wrapper_Model,ABCMeta,1,0.9175
435,36,Wrapper_Model,ABCMeta,1,0.9175
436,37,Wrapper_Model,ABCMeta,1,0.9175
437,38,Wrapper_Model,ABCMeta,1,0.9175
438,39,Wrapper_Model,ABCMeta,1,0.9175
439,40,Wrapper_Model,ABCMeta,1,0.9175
440,41,Wrapper_Model,ABCMeta,1,0.9175
441,42,Wrapper_Model,ABCMeta,1,0.9175
442,43,Wrapper_Model,ABCMeta,1,0.9175
443,44,Wrapper_Model,ABCMeta,1,0.9175
444,45,Wrapper_Model,ABCMeta,1,0.9175
445,46,Wrapper_Model,ABCMeta,1,0.9205000000000001
446,47,Wrapper_Model,ABCMeta,1,0.9205000000000001
447,48,Wrapper_Model,ABCMeta,1,0.9205000000000001
448,49,Wrapper_Model,ABCMeta,1,0.9205000000000001
449,50,Wrapper_Model,ABCMeta,1,0.9205000000000001
450,51,Wrapper_Model,ABCMeta,1,0.9205000000000001
451,52,Wrapper_Model,ABCMeta,1,0.9205000000000001
452,53,Wrapper_Model,ABCMeta,1,0.9205000000000001
453,54,Wrapper_Model,ABCMeta,1,0.9205000000000001
454,55,Wrapper_Model,ABCMeta,1,0.9205000000000001
455,56,Wrapper_Model,ABCMeta,1,0.9205000000000001
456,57,Wrapper_Model,ABCMeta,1,0.9205000000000001
457,58,Wrapper_Model,ABCMeta,1,0.9205000000000001
458,59,Wrapper_Model,ABCMeta,1,0.9205000000000001
459,60,Wrapper_Model,ABCMeta,1,0.9205000000000001
460,61,Wrapper_Model,ABCMeta,1,0.9205000000000001
461,62,Wrapper_Model,ABCMeta,1,0.9205000000000001
462,63,Wrapper_Model,ABCMeta,1,0.9205000000000001
463,64,Wrapper_Model,ABCMeta,1,0.9205000000000001
464,65,Wrapper_Model,ABCMeta,1,0.923
465,66,Wrapper_Model,ABCMeta,1,0.923
466,67,Wrapper_Model,ABCMeta,1,0.923
467,68,Wrapper_Model,ABCMeta,1,0.923
468,69,Wrapper_Model,ABCMeta,1,0.923
469,70,Wrapper_Model,ABCMeta,1,0.923
470,71,Wrapper_Model,ABCMeta,1,0.923
471,72,Wrapper_Model,ABCMeta,1,0.923
472,73,Wrapper_Model,ABCMeta,1,0.923
473,74,Wrapper_Model,ABCMeta,1,0.923
474,75,Wrapper_Model,ABCMeta,1,0.923
475,76,Wrapper_Model,ABCMeta,1,0.923
476,77,Wrapper_Model,ABCMeta,1,0.923
477,78,Wrapper_Model,ABCMeta,1,0.923
478,79,Wrapper_Model,ABCMeta,1,0.923
479,80,Wrapper_Model,ABCMeta,1,0.923
480,81,Wrapper_Model,ABCMeta,1,0.923
481,82,Wrapper_Model,ABCMeta,1,0.923
482,83,Wrapper_Model,ABCMeta,1,0.923
483,84,Wrapper_Model,ABCMeta,1,0.923
484,85,Wrapper_Model,ABCMeta,1,0.923
485,86,Wrapper_Model,ABCMeta,1,0.923
486,87,Wrapper_Model,ABCMeta,1,0.923
487,88,Wrapper_Model,ABCMeta,1,0.923
488,89,Wrapper_Model,ABCMeta,1,0.923
489,90,Wrapper_Model,ABCMeta,1,0.923
490,91,Wrapper_Model,ABCMeta,1,0.923
491,92,Wrapper_Model,ABCMeta,1,0.923
492,93,Wrapper_Model,ABCMeta,1,0.923
493,94,Wrapper_Model,ABCMeta,1,0.923
494,95,Wrapper_Model,ABCMeta,1,0.923
495,96,Wrapper_Model,ABCMeta,1,0.923
496,97,Wrapper_Model,ABCMeta,1,0.923
497,98,Wrapper_Model,ABCMeta,1,0.923
498,99,Wrapper_Model,ABCMeta,1,0.923
499,100,Wrapper_Model,ABCMeta,1,0.923
500,2,Wrapper_Fishburn,ABCMeta,1,0.9105000000000001
501,3,Wrapper_Fishburn,ABCMeta,1,0.9105000000000001
502,4,Wrapper_Fishburn,ABCMeta,1,0.9105000000000001
503,5,Wrapper_Fishburn,ABCMeta,1,0.9165000000000001
504,6,Wrapper_Fishburn,ABCMeta,1,0.9165000000000001
505,7,Wrapper_Fishburn,ABCMeta,1,0.9165000000000001
506,8,Wrapper_Fishburn,ABCMeta,1,0.9165000000000001
507,9,Wrapper_Fishburn,ABCMeta,1,0.9165000000000001
508,10,Wrapper_Fishburn,ABCMeta,1,0.9165000000000001
509,11,Wrapper_Fishburn,ABCMeta,1,0.9165000000000001
510,12,Wrapper_Fishburn,ABCMeta,1,0.9165000000000001
511,13,Wrapper_Fishburn,ABCMeta,1,0.9165000000000001
512,14,Wrapper_Fishburn,ABCMeta,1,0.9165000000000001
513,15,Wrapper_Fishburn,ABCMeta,1,0.9165000000000001
514,16,Wrapper_Fishburn,ABCMeta,1,0.9165000000000001
515,17,Wrapper_Fishburn,ABCMeta,1,0.9185000000000001
516,18,Wrapper_Fishburn,ABCMeta,1,0.9185000000000001
517,19,Wrapper_Fishburn,ABCMeta,1,0.92
518,20,Wrapper_Fishburn,ABCMeta,1,0.92
519,21,Wrapper_Fishburn,ABCMeta,1,0.92
520,22,Wrapper_Fishburn,ABCMeta,1,0.92
521,23,Wrapper_Fishburn,ABCMeta,1,0.92
522,24,Wrapper_Fishburn,ABCMeta,1,0.92
523,25,Wrapper_Fishburn,ABCMeta,1,0.92
524,26,Wrapper_Fishburn,ABCMeta,1,0.92
525,27,Wrapper_Fishburn,ABCMeta,1,0.92
526,28,Wrapper_Fishburn,ABCMeta,1,0.92
527,29,Wrapper_Fishburn,ABCMeta,1,0.92
528,30,Wrapper_Fishburn,ABCMeta,1,0.92
529,31,Wrapper_Fishburn,ABCMeta,1,0.92
530,32,Wrapper_Fishburn,ABCMeta,1,0.92
531,33,Wrapper_Fishburn,ABCMeta,1,0.92
532,34,Wrapper_Fishburn,ABCMeta,1,0.92
533,35,Wrapper_Fishburn,ABCMeta,1,0.9205000000000001
534,36,Wrapper_Fishburn,ABCMeta,1,0.9205000000000001
535,37,Wrapper_Fishburn,ABCMeta,1,0.9205000000000001
536,38,Wrapper_Fishburn,ABCMeta,1,0.9205000000000001
537,39,Wrapper_Fishburn,ABCMeta,1,0.9205000000000001
538,40,Wrapper_Fishburn,ABCMeta,1,0.9205000000000001
539,41,Wrapper_Fishburn,ABCMeta,1,0.9205000000000001
540,42,Wrapper_Fishburn,ABCMeta,1,0.9205000000000001
541,43,Wrapper_Fishburn,ABCMeta,1,0.9205000000000001
542,44,Wrapper_Fishburn,ABCMeta,1,0.9205000000000001
543,45,Wrapper_Fishburn,ABCMeta,1,0.9205000000000001
544,46,Wrapper_Fishburn,ABCMeta,1,0.9225000000000001
545,47,Wrapper_Fishburn,ABCMeta,1,0.9225000000000001
546,48,Wrapper_Fishburn,ABCMeta,1,0.9225000000000001
547,49,Wrapper_Fishburn,ABCMeta,1,0.9225000000000001
548,50,Wrapper_Fishburn,ABCMeta,1,0.9225000000000001
549,51,Wrapper_Fishburn,ABCMeta,1,0.9225000000000001
550,52,Wrapper_Fishburn,ABCMeta,1,0.9225000000000001
551,53,Wrapper_Fishburn,ABCMeta,1,0.9225000000000001
552,54,Wrapper_Fishburn,ABCMeta,1,0.9225000000000001
553,55,Wrapper_Fishburn,ABCMeta,1,0.9225000000000001
554,56,Wrapper_Fishburn,ABCMeta,1,0.9225000000000001
555,57,Wrapper_Fishburn,ABCMeta,1,0.9225000000000001
556,58,Wrapper_Fishburn,ABCMeta,1,0.9225000000000001
557,59,Wrapper_Fishburn,ABCMeta,1,0.9225000000000001
558,60,Wrapper_Fishburn,ABCMeta,1,0.9225000000000001
559,61,Wrapper_Fishburn,ABCMeta,1,0.9225000000000001
560,62,Wrapper_Fishburn,ABCMeta,1,0.9225000000000001
561,63,Wrapper_Fishburn,ABCMeta,1,0.9225000000000001
562,64,Wrapper_Fishburn,ABCMeta,1,0.9225000000000001
563,65,Wrapper_Fishburn,ABCMeta,1,0.9225000000000001
564,66,Wrapper_Fishburn,ABCMeta,1,0.9225000000000001
565,67,Wrapper_Fishburn,ABCMeta,1,0.9225000000000001
566,68,Wrapper_Fishburn,ABCMeta,1,0.9225000000000001
567,69,Wrapper_Fishburn,ABCMeta,1,0.9225000000000001
568,70,Wrapper_Fishburn,ABCMeta,1,0.9225000000000001
569,71,Wrapper_Fishburn,ABCMeta,1,0.9225000000000001
570,72,Wrapper_Fishburn,ABCMeta,1,0.9225000000000001
571,73,Wrapper_Fishburn,ABCMeta,1,0.9225000000000001
572,74,Wrapper_Fishburn,ABCMeta,1,0.9225000000000001
573,75,Wrapper_Fishburn,ABCMeta,1,0.9225000000000001
574,76,Wrapper_Fishburn,ABCMeta,1,0.9225000000000001
575,77,Wrapper_Fishburn,ABCMeta,1,0.9225000000000001
576,78,Wrapper_Fishburn,ABCMeta,1,0.9225000000000001
577,79,Wrapper_Fishburn,ABCMeta,1,0.9225000000000001
578,80,Wrapper_Fishburn,ABCMeta,1,0.9225000000000001
579,81,Wrapper_Fishburn,ABCMeta,1,0.9225000000000001
580,82,Wrapper_Fishburn,ABCMeta,1,0.9225000000000001
581,83,Wrapper_Fishburn,ABCMeta,1,0.9225000000000001
582,84,Wrapper_Fishburn,ABCMeta,1,0.9225000000000001
583,85,Wrapper_Fishburn,ABCMeta,1,0.9225000000000001
584,86,Wrapper_Fishburn,ABCMeta,1,0.9225000000000001
585,87,Wrapper_Fishburn,ABCMeta,1,0.9225000000000001
586,88,Wrapper_Fishburn,ABCMeta,1,0.9225000000000001
587,89,Wrapper_Fishburn,ABCMeta,1,0.9225000000000001
588,90,Wrapper_Fishburn,ABCMeta,1,0.9225000000000001
589,91,Wrapper_Fishburn,ABCMeta,1,0.9225000000000001
590,92,Wrapper_Fishburn,ABCMeta,1,0.9225000000000001
591,93,Wrapper_Fishburn,ABCMeta,1,0.9225000000000001
592,94,Wrapper_Fishburn,ABCMeta,1,0.9225000000000001
593,95,Wrapper_Fishburn,ABCMeta,1,0.9225000000000001
594,96,Wrapper_Fishburn,ABCMeta,1,0.9225000000000001
595,97,Wrapper_Fishburn,ABCMeta,1,0.9225000000000001
596,98,Wrapper_Fishburn,ABCMeta,1,0.9225000000000001
597,99,Wrapper_Fishburn,ABCMeta,1,0.9225000000000001
598,100,Wrapper_Fishburn,ABCMeta,1,0.9225000000000001
599,101,Wrapper_Fishburn,ABCMeta,1,0.9225000000000001
600,6,Wrapper_NSGA2,ABCMeta,2,0.8634999999999999
601,7,Wrapper_NSGA2,ABCMeta,2,0.8634999999999999
602,11,Wrapper_NSGA2,ABCMeta,2,0.8755
603,13,Wrapper_NSGA2,ABCMeta,2,0.8755
604,15,Wrapper_NSGA2,ABCMeta,2,0.8755
605,17,Wrapper_NSGA2,ABCMeta,2,0.8755
606,21,Wrapper_NSGA2,ABCMeta,2,0.883
607,23,Wrapper_NSGA2,ABCMeta,2,0.8845000000000001
608,24,Wrapper_NSGA2,ABCMeta,2,0.8845000000000001
609,26,Wrapper_NSGA2,ABCMeta,2,0.8845000000000001
610,26,Wrapper_NSGA2,ABCMeta,2,0.8845000000000001
611,27,Wrapper_NSGA2,ABCMeta,2,0.8845000000000001
612,27,Wrapper_NSGA2,ABCMeta,2,0.8845000000000001
613,28,Wrapper_NSGA2,ABCMeta,2,0.8845000000000001
614,29,Wrapper_NSGA2,ABCMeta,2,0.8845000000000001
615,29,Wrapper_NSGA2,ABCMeta,2,0.8845000000000001
616,33,Wrapper_NSGA2,ABCMeta,2,0.8845000000000001
617,33,Wrapper_NSGA2,ABCMeta,2,0.8845000000000001
618,36,Wrapper_NSGA2,ABCMeta,2,0.8865000000000001
619,37,Wrapper_NSGA2,ABCMeta,2,0.8865000000000001
620,39,Wrapper_NSGA2,ABCMeta,2,0.8865000000000001
621,41,Wrapper_NSGA2,ABCMeta,2,0.8865000000000001
622,43,Wrapper_NSGA2,ABCMeta,2,0.8865000000000001
623,44,Wrapper_NSGA2,ABCMeta,2,0.8865000000000001
624,45,Wrapper_NSGA2,ABCMeta,2,0.8865000000000001
625,45,Wrapper_NSGA2,ABCMeta,2,0.8865000000000001
626,46,Wrapper_NSGA2,ABCMeta,2,0.8865000000000001
627,46,Wrapper_NSGA2,ABCMeta,2,0.8865000000000001
628,48,Wrapper_NSGA2,ABCMeta,2,0.8865000000000001
629,50,Wrapper_NSGA2,ABCMeta,2,0.8865000000000001
630,51,Wrapper_NSGA2,ABCMeta,2,0.8865000000000001
631,51,Wrapper_NSGA2,ABCMeta,2,0.8865000000000001
632,51,Wrapper_NSGA2,ABCMeta,2,0.8865000000000001
633,52,Wrapper_NSGA2,ABCMeta,2,0.8865000000000001
634,56,Wrapper_NSGA2,ABCMeta,2,0.8865000000000001
635,59,Wrapper_NSGA2,ABCMeta,2,0.8865000000000001
636,62,Wrapper_NSGA2,ABCMeta,2,0.8865000000000001
637,62,Wrapper_NSGA2,ABCMeta,2,0.8865000000000001
638,63,Wrapper_NSGA2,ABCMeta,2,0.8865000000000001
639,64,Wrapper_NSGA2,ABCMeta,2,0.8865000000000001
640,68,Wrapper_NSGA2,ABCMeta,2,0.893
641,71,Wrapper_NSGA2,ABCMeta,2,0.893
642,73,Wrapper_NSGA2,ABCMeta,2,0.893
643,75,Wrapper_NSGA2,ABCMeta,2,0.893
644,77,Wrapper_NSGA2,ABCMeta,2,0.893
645,79,Wrapper_NSGA2,ABCMeta,2,0.893
646,81,Wrapper_NSGA2,ABCMeta,2,0.893
647,82,Wrapper_NSGA2,ABCMeta,2,0.893
648,84,Wrapper_NSGA2,ABCMeta,2,0.893
649,84,Wrapper_NSGA2,ABCMeta,2,0.893
650,84,Wrapper_NSGA2,ABCMeta,2,0.893
651,85,Wrapper_NSGA2,ABCMeta,2,0.893
652,85,Wrapper_NSGA2,ABCMeta,2,0.893
653,85,Wrapper_NSGA2,ABCMeta,2,0.893
654,87,Wrapper_NSGA2,ABCMeta,2,0.893
655,89,Wrapper_NSGA2,ABCMeta,2,0.8955
656,90,Wrapper_NSGA2,ABCMeta,2,0.8955
657,91,Wrapper_NSGA2,ABCMeta,2,0.8955
658,92,Wrapper_NSGA2,ABCMeta,2,0.8955
659,93,Wrapper_NSGA2,ABCMeta,2,0.8955
660,93,Wrapper_NSGA2,ABCMeta,2,0.8955
661,94,Wrapper_NSGA2,ABCMeta,2,0.897
662,94,Wrapper_NSGA2,ABCMeta,2,0.897
663,95,Wrapper_NSGA2,ABCMeta,2,0.897
664,97,Wrapper_NSGA2,ABCMeta,2,0.897
665,98,Wrapper_NSGA2,ABCMeta,2,0.897
666,100,Wrapper_NSGA2,ABCMeta,2,0.897
667,103,Wrapper_NSGA2,ABCMeta,2,0.906
668,104,Wrapper_NSGA2,ABCMeta,2,0.906
669,104,Wrapper_NSGA2,ABCMeta,2,0.906
670,105,Wrapper_NSGA2,ABCMeta,2,0.906
671,106,Wrapper_NSGA2,ABCMeta,2,0.906
672,107,Wrapper_NSGA2,ABCMeta,2,0.906
673,107,Wrapper_NSGA2,ABCMeta,2,0.906
674,109,Wrapper_NSGA2,ABCMeta,2,0.906
675,110,Wrapper_NSGA2,ABCMeta,2,0.906
676,111,Wrapper_NSGA2,ABCMeta,2,0.906
677,112,Wrapper_NSGA2,ABCMeta,2,0.906
678,112,Wrapper_NSGA2,ABCMeta,2,0.906
679,113,Wrapper_NSGA2,ABCMeta,2,0.906
680,113,Wrapper_NSGA2,ABCMeta,2,0.906
681,113,Wrapper_NSGA2,ABCMeta,2,0.906
682,113,Wrapper_NSGA2,ABCMeta,2,0.906
683,113,Wrapper_NSGA2,ABCMeta,2,0.906
684,114,Wrapper_NSGA2,ABCMeta,2,0.906
685,115,Wrapper_NSGA2,ABCMeta,2,0.906
686,116,Wrapper_NSGA2,ABCMeta,2,0.9075
687,117,Wrapper_NSGA2,ABCMeta,2,0.9075
688,117,Wrapper_NSGA2,ABCMeta,2,0.9075
689,117,Wrapper_NSGA2,ABCMeta,2,0.9075
690,120,Wrapper_NSGA2,ABCMeta,2,0.9075
691,121,Wrapper_NSGA2,ABCMeta,2,0.9075
692,121,Wrapper_NSGA2,ABCMeta,2,0.9075
693,121,Wrapper_NSGA2,ABCMeta,2,0.9075
694,123,Wrapper_NSGA2,ABCMeta,2,0.9075
695,123,Wrapper_NSGA2,ABCMeta,2,0.9075
696,124,Wrapper_NSGA2,ABCMeta,2,0.9075
697,124,Wrapper_NSGA2,ABCMeta,2,0.9075
698,125,Wrapper_NSGA2,ABCMeta,2,0.9075
699,125,Wrapper_NSGA2,ABCMeta,2,0.9075
700,1,Wrapper_Model,ABCMeta,2,0.4955
701,2,Wrapper_Model,ABCMeta,2,0.4955
702,3,Wrapper_Model,ABCMeta,2,0.7965
703,4,Wrapper_Model,ABCMeta,2,0.7965
704,5,Wrapper_Model,ABCMeta,2,0.8765000000000001
705,6,Wrapper_Model,ABCMeta,2,0.8765000000000001
706,7,Wrapper_Model,ABCMeta,2,0.8765000000000001
707,8,Wrapper_Model,ABCMeta,2,0.886
708,9,Wrapper_Model,ABCMeta,2,0.886
709,10,Wrapper_Model,ABCMeta,2,0.886
710,11,Wrapper_Model,ABCMeta,2,0.886
711,12,Wrapper_Model,ABCMeta,2,0.886
712,13,Wrapper_Model,ABCMeta,2,0.886
713,14,Wrapper_Model,ABCMeta,2,0.886
714,15,Wrapper_Model,ABCMeta,2,0.886
715,16,Wrapper_Model,ABCMeta,2,0.886
716,17,Wrapper_Model,ABCMeta,2,0.886
717,18,Wrapper_Model,ABCMeta,2,0.886
718,19,Wrapper_Model,ABCMeta,2,0.886
719,20,Wrapper_Model,ABCMeta,2,0.886
720,21,Wrapper_Model,ABCMeta,2,0.887
721,22,Wrapper_Model,ABCMeta,2,0.887
722,23,Wrapper_Model,ABCMeta,2,0.887
723,24,Wrapper_Model,ABCMeta,2,0.887
724,25,Wrapper_Model,ABCMeta,2,0.887
725,26,Wrapper_Model,ABCMeta,2,0.887
726,27,Wrapper_Model,ABCMeta,2,0.887
727,28,Wrapper_Model,ABCMeta,2,0.887
728,29,Wrapper_Model,ABCMeta,2,0.8885000000000001
729,30,Wrapper_Model,ABCMeta,2,0.8885000000000001
730,31,Wrapper_Model,ABCMeta,2,0.8885000000000001
731,32,Wrapper_Model,ABCMeta,2,0.8885000000000001
732,33,Wrapper_Model,ABCMeta,2,0.8885000000000001
733,34,Wrapper_Model,ABCMeta,2,0.8885000000000001
734,35,Wrapper_Model,ABCMeta,2,0.8885000000000001
735,36,Wrapper_Model,ABCMeta,2,0.8885000000000001
736,37,Wrapper_Model,ABCMeta,2,0.8885000000000001
737,38,Wrapper_Model,ABCMeta,2,0.8885000000000001
738,39,Wrapper_Model,ABCMeta,2,0.8885000000000001
739,40,Wrapper_Model,ABCMeta,2,0.8885000000000001
740,41,Wrapper_Model,ABCMeta,2,0.8885000000000001
741,42,Wrapper_Model,ABCMeta,2,0.8885000000000001
742,42,Wrapper_Model,ABCMeta,2,0.8885000000000001
743,43,Wrapper_Model,ABCMeta,2,0.8885000000000001
744,44,Wrapper_Model,ABCMeta,2,0.8885000000000001
745,45,Wrapper_Model,ABCMeta,2,0.8885000000000001
746,46,Wrapper_Model,ABCMeta,2,0.8885000000000001
747,47,Wrapper_Model,ABCMeta,2,0.8885000000000001
748,48,Wrapper_Model,ABCMeta,2,0.8885000000000001
749,49,Wrapper_Model,ABCMeta,2,0.8935
750,50,Wrapper_Model,ABCMeta,2,0.8935
751,51,Wrapper_Model,ABCMeta,2,0.8935
752,52,Wrapper_Model,ABCMeta,2,0.8935
753,53,Wrapper_Model,ABCMeta,2,0.8935
754,54,Wrapper_Model,ABCMeta,2,0.8935
755,55,Wrapper_Model,ABCMeta,2,0.8935
756,56,Wrapper_Model,ABCMeta,2,0.8935
757,57,Wrapper_Model,ABCMeta,2,0.8935
758,58,Wrapper_Model,ABCMeta,2,0.8935
759,59,Wrapper_Model,ABCMeta,2,0.8935
760,60,Wrapper_Model,ABCMeta,2,0.8935
761,61,Wrapper_Model,ABCMeta,2,0.8935
762,62,Wrapper_Model,ABCMeta,2,0.8935
763,63,Wrapper_Model,ABCMeta,2,0.8935
764,64,Wrapper_Model,ABCMeta,2,0.8935
765,65,Wrapper_Model,ABCMeta,2,0.8935
766,66,Wrapper_Model,ABCMeta,2,0.8935
767,67,Wrapper_Model,ABCMeta,2,0.8935
768,68,Wrapper_Model,ABCMeta,2,0.8935
769,69,Wrapper_Model,ABCMeta,2,0.8935
770,70,Wrapper_Model,ABCMeta,2,0.8935
771,71,Wrapper_Model,ABCMeta,2,0.8935
772,72,Wrapper_Model,ABCMeta,2,0.8935
773,73,Wrapper_Model,ABCMeta,2,0.8935
774,74,Wrapper_Model,ABCMeta,2,0.8935
775,75,Wrapper_Model,ABCMeta,2,0.8935
776,76,Wrapper_Model,ABCMeta,2,0.8935
777,77,Wrapper_Model,ABCMeta,2,0.8935
778,78,Wrapper_Model,ABCMeta,2,0.8935
779,79,Wrapper_Model,ABCMeta,2,0.8935
780,80,Wrapper_Model,ABCMeta,2,0.8935
781,81,Wrapper_Model,ABCMeta,2,0.8935
782,82,Wrapper_Model,ABCMeta,2,0.8935
783,83,Wrapper_Model,ABCMeta,2,0.8935
784,84,Wrapper_Model,ABCMeta,2,0.8935
785,85,Wrapper_Model,ABCMeta,2,0.8935
786,86,Wrapper_Model,ABCMeta,2,0.8935
787,87,Wrapper_Model,ABCMeta,2,0.8935
788,88,Wrapper_Model,ABCMeta,2,0.8935
789,89,Wrapper_Model,ABCMeta,2,0.8935
790,90,Wrapper_Model,ABCMeta,2,0.8935
791,91,Wrapper_Model,ABCMeta,2,0.8935
792,92,Wrapper_Model,ABCMeta,2,0.8935
793,93,Wrapper_Model,ABCMeta,2,0.8935
794,94,Wrapper_Model,ABCMeta,2,0.8935
795,95,Wrapper_Model,ABCMeta,2,0.8935
796,96,Wrapper_Model,ABCMeta,2,0.8935
797,97,Wrapper_Model,ABCMeta,2,0.8935
798,98,Wrapper_Model,ABCMeta,2,0.8935
799,99,Wrapper_Model,ABCMeta,2,0.8935
800,2,Wrapper_Fishburn,ABCMeta,2,0.6425000000000001
801,3,Wrapper_Fishburn,ABCMeta,2,0.6425000000000001
802,4,Wrapper_Fishburn,ABCMeta,2,0.8725
803,5,Wrapper_Fishburn,ABCMeta,2,0.8725
804,6,Wrapper_Fishburn,ABCMeta,2,0.8725
805,7,Wrapper_Fishburn,ABCMeta,2,0.8725
806,8,Wrapper_Fishburn,ABCMeta,2,0.8725
807,9,Wrapper_Fishburn,ABCMeta,2,0.8725
808,10,Wrapper_Fishburn,ABCMeta,2,0.8725
809,11,Wrapper_Fishburn,ABCMeta,2,0.8725
810,12,Wrapper_Fishburn,ABCMeta,2,0.8725
811,13,Wrapper_Fishburn,ABCMeta,2,0.8725
812,14,Wrapper_Fishburn,ABCMeta,2,0.8835
813,15,Wrapper_Fishburn,ABCMeta,2,0.8835
814,16,Wrapper_Fishburn,ABCMeta,2,0.8835
815,17,Wrapper_Fishburn,ABCMeta,2,0.8835
816,18,Wrapper_Fishburn,ABCMeta,2,0.8915
817,19,Wrapper_Fishburn,ABCMeta,2,0.8915
818,20,Wrapper_Fishburn,ABCMeta,2,0.8915
819,21,Wrapper_Fishburn,ABCMeta,2,0.8915
820,22,Wrapper_Fishburn,ABCMeta,2,0.8915
821,23,Wrapper_Fishburn,ABCMeta,2,0.8915
822,24,Wrapper_Fishburn,ABCMeta,2,0.8915
823,25,Wrapper_Fishburn,ABCMeta,2,0.8915
824,26,Wrapper_Fishburn,ABCMeta,2,0.8915
825,27,Wrapper_Fishburn,ABCMeta,2,0.8915
826,28,Wrapper_Fishburn,ABCMeta,2,0.8915
827,29,Wrapper_Fishburn,ABCMeta,2,0.8915
828,30,Wrapper_Fishburn,ABCMeta,2,0.8915
829,31,Wrapper_Fishburn,ABCMeta,2,0.8915
830,32,Wrapper_Fishburn,ABCMeta,2,0.8915
831,33,Wrapper_Fishburn,ABCMeta,2,0.8915
832,34,Wrapper_Fishburn,ABCMeta,2,0.8915
833,35,Wrapper_Fishburn,ABCMeta,2,0.8915
834,36,Wrapper_Fishburn,ABCMeta,2,0.8915
835,37,Wrapper_Fishburn,ABCMeta,2,0.8915
836,38,Wrapper_Fishburn,ABCMeta,2,0.8915
837,39,Wrapper_Fishburn,ABCMeta,2,0.8915
838,40,Wrapper_Fishburn,ABCMeta,2,0.8915
839,41,Wrapper_Fishburn,ABCMeta,2,0.8915
840,42,Wrapper_Fishburn,ABCMeta,2,0.8915
841,43,Wrapper_Fishburn,ABCMeta,2,0.893
842,44,Wrapper_Fishburn,ABCMeta,2,0.893
843,45,Wrapper_Fishburn,ABCMeta,2,0.893
844,46,Wrapper_Fishburn,ABCMeta,2,0.893
845,47,Wrapper_Fishburn,ABCMeta,2,0.893
846,48,Wrapper_Fishburn,ABCMeta,2,0.893
847,49,Wrapper_Fishburn,ABCMeta,2,0.893
848,50,Wrapper_Fishburn,ABCMeta,2,0.893
849,51,Wrapper_Fishburn,ABCMeta,2,0.893
850,52,Wrapper_Fishburn,ABCMeta,2,0.893
851,53,Wrapper_Fishburn,ABCMeta,2,0.893
852,54,Wrapper_Fishburn,ABCMeta,2,0.893
853,55,Wrapper_Fishburn,ABCMeta,2,0.893
854,56,Wrapper_Fishburn,ABCMeta,2,0.893
855,57,Wrapper_Fishburn,ABCMeta,2,0.893
856,58,Wrapper_Fishburn,ABCMeta,2,0.893
857,59,Wrapper_Fishburn,ABCMeta,2,0.893
858,60,Wrapper_Fishburn,ABCMeta,2,0.893
859,61,Wrapper_Fishburn,ABCMeta,2,0.893
860,62,Wrapper_Fishburn,ABCMeta,2,0.893
861,63,Wrapper_Fishburn,ABCMeta,2,0.893
862,64,Wrapper_Fishburn,ABCMeta,2,0.893
863,65,Wrapper_Fishburn,ABCMeta,2,0.893
864,66,Wrapper_Fishburn,ABCMeta,2,0.893
865,67,Wrapper_Fishburn,ABCMeta,2,0.893
866,68,Wrapper_Fishburn,ABCMeta,2,0.893
867,69,Wrapper_Fishburn,ABCMeta,2,0.893
868,70,Wrapper_Fishburn,ABCMeta,2,0.893
869,71,Wrapper_Fishburn,ABCMeta,2,0.893
870,72,Wrapper_Fishburn,ABCMeta,2,0.893
871,73,Wrapper_Fishburn,ABCMeta,2,0.893
872,74,Wrapper_Fishburn,ABCMeta,2,0.893
873,75,Wrapper_Fishburn,ABCMeta,2,0.893
874,76,Wrapper_Fishburn,ABCMeta,2,0.893
875,77,Wrapper_Fishburn,ABCMeta,2,0.893
876,78,Wrapper_Fishburn,ABCMeta,2,0.893
877,79,Wrapper_Fishburn,ABCMeta,2,0.893
878,80,Wrapper_Fishburn,ABCMeta,2,0.893
879,81,Wrapper_Fishburn,ABCMeta,2,0.893
880,82,Wrapper_Fishburn,ABCMeta,2,0.893
881,83,Wrapper_Fishburn,ABCMeta,2,0.893
882,84,Wrapper_Fishburn,ABCMeta,2,0.893
883,85,Wrapper_Fishburn,ABCMeta,2,0.893
884,86,Wrapper_Fishburn,ABCMeta,2,0.893
885,87,Wrapper_Fishburn,ABCMeta,2,0.893
886,88,Wrapper_Fishburn,ABCMeta,2,0.893
887,89,Wrapper_Fishburn,ABCMeta,2,0.893
888,90,Wrapper_Fishburn,ABCMeta,2,0.893
889,91,Wrapper_Fishburn,ABCMeta,2,0.893
890,92,Wrapper_Fishburn,ABCMeta,2,0.893
891,93,Wrapper_Fishburn,ABCMeta,2,0.893
892,94,Wrapper_Fishburn,ABCMeta,2,0.893
893,95,Wrapper_Fishburn,ABCMeta,2,0.893
894,96,Wrapper_Fishburn,ABCMeta,2,0.893
895,97,Wrapper_Fishburn,ABCMeta,2,0.893
896,98,Wrapper_Fishburn,ABCMeta,2,0.893
897,99,Wrapper_Fishburn,ABCMeta,2,0.893
898,100,Wrapper_Fishburn,ABCMeta,2,0.893
899,101,Wrapper_Fishburn,ABCMeta,2,0.893
900,9,Wrapper_NSGA2,ABCMeta,0,0.7795000000000001
901,10,Wrapper_NSGA2,ABCMeta,0,0.7795000000000001
902,10,Wrapper_NSGA2,ABCMeta,0,0.7795000000000001
903,14,Wrapper_NSGA2,ABCMeta,0,0.7795000000000001
904,14,Wrapper_NSGA2,ABCMeta,0,0.7795000000000001
905,16,Wrapper_NSGA2,ABCMeta,0,0.7795000000000001
906,17,Wrapper_NSGA2,ABCMeta,0,0.7825
907,17,Wrapper_NSGA2,ABCMeta,0,0.7825
908,17,Wrapper_NSGA2,ABCMeta,0,0.7825
909,19,Wrapper_NSGA2,ABCMeta,0,0.795
910,21,Wrapper_NSGA2,ABCMeta,0,0.795
911,23,Wrapper_NSGA2,ABCMeta,0,0.795
912,24,Wrapper_NSGA2,ABCMeta,0,0.795
913,26,Wrapper_NSGA2,ABCMeta,0,0.795
914,27,Wrapper_NSGA2,ABCMeta,0,0.795
915,29,Wrapper_NSGA2,ABCMeta,0,0.795
916,31,Wrapper_NSGA2,ABCMeta,0,0.795
917,32,Wrapper_NSGA2,ABCMeta,0,0.795
918,32,Wrapper_NSGA2,ABCMeta,0,0.795
919,32,Wrapper_NSGA2,ABCMeta,0,0.795
920,32,Wrapper_NSGA2,ABCMeta,0,0.795
921,32,Wrapper_NSGA2,ABCMeta,0,0.795
922,33,Wrapper_NSGA2,ABCMeta,0,0.795
923,35,Wrapper_NSGA2,ABCMeta,0,0.795
924,37,Wrapper_NSGA2,ABCMeta,0,0.795
925,40,Wrapper_NSGA2,ABCMeta,0,0.796
926,43,Wrapper_NSGA2,ABCMeta,0,0.796
927,43,Wrapper_NSGA2,ABCMeta,0,0.796
928,44,Wrapper_NSGA2,ABCMeta,0,0.796
929,44,Wrapper_NSGA2,ABCMeta,0,0.796
930,45,Wrapper_NSGA2,ABCMeta,0,0.796
931,47,Wrapper_NSGA2,ABCMeta,0,0.8005
932,47,Wrapper_NSGA2,ABCMeta,0,0.8005
933,47,Wrapper_NSGA2,ABCMeta,0,0.8005
934,48,Wrapper_NSGA2,ABCMeta,0,0.8005
935,48,Wrapper_NSGA2,ABCMeta,0,0.8005
936,51,Wrapper_NSGA2,ABCMeta,0,0.8005
937,52,Wrapper_NSGA2,ABCMeta,0,0.8005
938,52,Wrapper_NSGA2,ABCMeta,0,0.8005
939,55,Wrapper_NSGA2,ABCMeta,0,0.8005
940,56,Wrapper_NSGA2,ABCMeta,0,0.8005
941,57,Wrapper_NSGA2,ABCMeta,0,0.8005
942,58,Wrapper_NSGA2,ABCMeta,0,0.8005
943,58,Wrapper_NSGA2,ABCMeta,0,0.8005
944,61,Wrapper_NSGA2,ABCMeta,0,0.8005
945,62,Wrapper_NSGA2,ABCMeta,0,0.8005
946,62,Wrapper_NSGA2,ABCMeta,0,0.8005
947,63,Wrapper_NSGA2,ABCMeta,0,0.8005
948,64,Wrapper_NSGA2,ABCMeta,0,0.8005
949,65,Wrapper_NSGA2,ABCMeta,0,0.8005
950,65,Wrapper_NSGA2,ABCMeta,0,0.8005
951,66,Wrapper_NSGA2,ABCMeta,0,0.8005
952,67,Wrapper_NSGA2,ABCMeta,0,0.8005
953,69,Wrapper_NSGA2,ABCMeta,0,0.8005
954,71,Wrapper_NSGA2,ABCMeta,0,0.8005
955,72,Wrapper_NSGA2,ABCMeta,0,0.8005
956,75,Wrapper_NSGA2,ABCMeta,0,0.8005
957,76,Wrapper_NSGA2,ABCMeta,0,0.8005
958,78,Wrapper_NSGA2,ABCMeta,0,0.8005
959,79,Wrapper_NSGA2,ABCMeta,0,0.8005
960,79,Wrapper_NSGA2,ABCMeta,0,0.8005
961,79,Wrapper_NSGA2,ABCMeta,0,0.8005
962,80,Wrapper_NSGA2,ABCMeta,0,0.8005
963,82,Wrapper_NSGA2,ABCMeta,0,0.8005
964,82,Wrapper_NSGA2,ABCMeta,0,0.8005
965,84,Wrapper_NSGA2,ABCMeta,0,0.8005
966,84,Wrapper_NSGA2,ABCMeta,0,0.8005
967,84,Wrapper_NSGA2,ABCMeta,0,0.8005
968,84,Wrapper_NSGA2,ABCMeta,0,0.8005
969,84,Wrapper_NSGA2,ABCMeta,0,0.8005
970,84,Wrapper_NSGA2,ABCMeta,0,0.8005
971,84,Wrapper_NSGA2,ABCMeta,0,0.8005
972,85,Wrapper_NSGA2,ABCMeta,0,0.8005
973,88,Wrapper_NSGA2,ABCMeta,0,0.8005
974,88,Wrapper_NSGA2,ABCMeta,0,0.8005
975,89,Wrapper_NSGA2,ABCMeta,0,0.8005
976,89,Wrapper_NSGA2,ABCMeta,0,0.8005
977,90,Wrapper_NSGA2,ABCMeta,0,0.8005
978,92,Wrapper_NSGA2,ABCMeta,0,0.8005
979,92,Wrapper_NSGA2,ABCMeta,0,0.8005
980,93,Wrapper_NSGA2,ABCMeta,0,0.8005
981,93,Wrapper_NSGA2,ABCMeta,0,0.8005
982,95,Wrapper_NSGA2,ABCMeta,0,0.8005
983,95,Wrapper_NSGA2,ABCMeta,0,0.8005
984,95,Wrapper_NSGA2,ABCMeta,0,0.8005
985,97,Wrapper_NSGA2,ABCMeta,0,0.8005
986,99,Wrapper_NSGA2,ABCMeta,0,0.8005
987,101,Wrapper_NSGA2,ABCMeta,0,0.804
988,103,Wrapper_NSGA2,ABCMeta,0,0.804
989,103,Wrapper_NSGA2,ABCMeta,0,0.804
990,105,Wrapper_NSGA2,ABCMeta,0,0.804
991,105,Wrapper_NSGA2,ABCMeta,0,0.804
992,107,Wrapper_NSGA2,ABCMeta,0,0.804
993,107,Wrapper_NSGA2,ABCMeta,0,0.804
994,108,Wrapper_NSGA2,ABCMeta,0,0.804
995,108,Wrapper_NSGA2,ABCMeta,0,0.804
996,111,Wrapper_NSGA2,ABCMeta,0,0.804
997,111,Wrapper_NSGA2,ABCMeta,0,0.804
998,111,Wrapper_NSGA2,ABCMeta,0,0.804
999,112,Wrapper_NSGA2,ABCMeta,0,0.804
1000,1,Wrapper_Model,ABCMeta,0,0.58
1001,2,Wrapper_Model,ABCMeta,0,0.58
1002,3,Wrapper_Model,ABCMeta,0,0.6665
1003,4,Wrapper_Model,ABCMeta,0,0.6665
1004,5,Wrapper_Model,ABCMeta,0,0.6665
1005,6,Wrapper_Model,ABCMeta,0,0.6665
1006,7,Wrapper_Model,ABCMeta,0,0.6665
1007,8,Wrapper_Model,ABCMeta,0,0.6665
1008,9,Wrapper_Model,ABCMeta,0,0.7795000000000001
1009,10,Wrapper_Model,ABCMeta,0,0.7795000000000001
1010,11,Wrapper_Model,ABCMeta,0,0.7795000000000001
1011,12,Wrapper_Model,ABCMeta,0,0.792
1012,13,Wrapper_Model,ABCMeta,0,0.792
1013,14,Wrapper_Model,ABCMeta,0,0.792
1014,15,Wrapper_Model,ABCMeta,0,0.792
1015,16,Wrapper_Model,ABCMeta,0,0.792
1016,17,Wrapper_Model,ABCMeta,0,0.792
1017,18,Wrapper_Model,ABCMeta,0,0.792
1018,19,Wrapper_Model,ABCMeta,0,0.792
1019,20,Wrapper_Model,ABCMeta,0,0.792
1020,21,Wrapper_Model,ABCMeta,0,0.792
1021,22,Wrapper_Model,ABCMeta,0,0.792
1022,23,Wrapper_Model,ABCMeta,0,0.792
1023,24,Wrapper_Model,ABCMeta,0,0.792
1024,25,Wrapper_Model,ABCMeta,0,0.792
1025,26,Wrapper_Model,ABCMeta,0,0.792
1026,27,Wrapper_Model,ABCMeta,0,0.792
1027,28,Wrapper_Model,ABCMeta,0,0.792
1028,29,Wrapper_Model,ABCMeta,0,0.792
1029,30,Wrapper_Model,ABCMeta,0,0.792
1030,31,Wrapper_Model,ABCMeta,0,0.792
1031,32,Wrapper_Model,ABCMeta,0,0.792
1032,33,Wrapper_Model,ABCMeta,0,0.792
1033,34,Wrapper_Model,ABCMeta,0,0.792
1034,35,Wrapper_Model,ABCMeta,0,0.792
1035,36,Wrapper_Model,ABCMeta,0,0.792
1036,37,Wrapper_Model,ABCMeta,0,0.792
1037,38,Wrapper_Model,ABCMeta,0,0.792
1038,39,Wrapper_Model,ABCMeta,0,0.792
1039,40,Wrapper_Model,ABCMeta,0,0.792
1040,41,Wrapper_Model,ABCMeta,0,0.792
1041,42,Wrapper_Model,ABCMeta,0,0.792
1042,43,Wrapper_Model,ABCMeta,0,0.792
1043,44,Wrapper_Model,ABCMeta,0,0.792
1044,45,Wrapper_Model,ABCMeta,0,0.792
1045,46,Wrapper_Model,ABCMeta,0,0.792
1046,47,Wrapper_Model,ABCMeta,0,0.792
1047,48,Wrapper_Model,ABCMeta,0,0.792
1048,49,Wrapper_Model,ABCMeta,0,0.792
1049,50,Wrapper_Model,ABCMeta,0,0.792
1050,51,Wrapper_Model,ABCMeta,0,0.792
1051,52,Wrapper_Model,ABCMeta,0,0.792
1052,53,Wrapper_Model,ABCMeta,0,0.792
1053,54,Wrapper_Model,ABCMeta,0,0.792
1054,55,Wrapper_Model,ABCMeta,0,0.792
1055,56,Wrapper_Model,ABCMeta,0,0.792
1056,57,Wrapper_Model,ABCMeta,0,0.792
1057,58,Wrapper_Model,ABCMeta,0,0.792
1058,59,Wrapper_Model,ABCMeta,0,0.792
1059,60,Wrapper_Model,ABCMeta,0,0.792
1060,61,Wrapper_Model,ABCMeta,0,0.792
1061,62,Wrapper_Model,ABCMeta,0,0.792
1062,63,Wrapper_Model,ABCMeta,0,0.792
1063,64,Wrapper_Model,ABCMeta,0,0.792
1064,65,Wrapper_Model,ABCMeta,0,0.792
1065,66,Wrapper_Model,ABCMeta,0,0.792
1066,67,Wrapper_Model,ABCMeta,0,0.792
1067,68,Wrapper_Model,ABCMeta,0,0.792
1068,69,Wrapper_Model,ABCMeta,0,0.792
1069,70,Wrapper_Model,ABCMeta,0,0.792
1070,71,Wrapper_Model,ABCMeta,0,0.792
1071,72,Wrapper_Model,ABCMeta,0,0.792
1072,73,Wrapper_Model,ABCMeta,0,0.792
1073,74,Wrapper_Model,ABCMeta,0,0.792
1074,75,Wrapper_Model,ABCMeta,0,0.792
1075,76,Wrapper_Model,ABCMeta,0,0.792
1076,77,Wrapper_Model,ABCMeta,0,0.792
1077,78,Wrapper_Model,ABCMeta,0,0.792
1078,79,Wrapper_Model,ABCMeta,0,0.792
1079,80,Wrapper_Model,ABCMeta,0,0.792
1080,81,Wrapper_Model,ABCMeta,0,0.792
1081,82,Wrapper_Model,ABCMeta,0,0.792
1082,83,Wrapper_Model,ABCMeta,0,0.792
1083,84,Wrapper_Model,ABCMeta,0,0.792
1084,85,Wrapper_Model,ABCMeta,0,0.792
1085,86,Wrapper_Model,ABCMeta,0,0.792
1086,87,Wrapper_Model,ABCMeta,0,0.792
1087,88,Wrapper_Model,ABCMeta,0,0.792
1088,89,Wrapper_Model,ABCMeta,0,0.792
1089,90,Wrapper_Model,ABCMeta,0,0.792
1090,91,Wrapper_Model,ABCMeta,0,0.792
1091,92,Wrapper_Model,ABCMeta,0,0.792
1092,93,Wrapper_Model,ABCMeta,0,0.792
1093,94,Wrapper_Model,ABCMeta,0,0.792
1094,95,Wrapper_Model,ABCMeta,0,0.792
1095,96,Wrapper_Model,ABCMeta,0,0.792
1096,97,Wrapper_Model,ABCMeta,0,0.792
1097,98,Wrapper_Model,ABCMeta,0,0.792
1098,99,Wrapper_Model,ABCMeta,0,0.792
1099,100,Wrapper_Model,ABCMeta,0,0.792
1100,2,Wrapper_Fishburn,ABCMeta,0,0.6265000000000001
1101,3,Wrapper_Fishburn,ABCMeta,0,0.7705
1102,4,Wrapper_Fishburn,ABCMeta,0,0.7705
1103,5,Wrapper_Fishburn,ABCMeta,0,0.7705
1104,6,Wrapper_Fishburn,ABCMeta,0,0.7705
1105,7,Wrapper_Fishburn,ABCMeta,0,0.7705
1106,8,Wrapper_Fishburn,ABCMeta,0,0.7705
1107,9,Wrapper_Fishburn,ABCMeta,0,0.7705
1108,10,Wrapper_Fishburn,ABCMeta,0,0.7705
1109,11,Wrapper_Fishburn,ABCMeta,0,0.7705
1110,12,Wrapper_Fishburn,ABCMeta,0,0.7705
1111,13,Wrapper_Fishburn,ABCMeta,0,0.7705
1112,14,Wrapper_Fishburn,ABCMeta,0,0.7705
1113,15,Wrapper_Fishburn,ABCMeta,0,0.7705
1114,16,Wrapper_Fishburn,ABCMeta,0,0.7705
1115,17,Wrapper_Fishburn,ABCMeta,0,0.7705
1116,18,Wrapper_Fishburn,ABCMeta,0,0.7765
1117,19,Wrapper_Fishburn,ABCMeta,0,0.7765
1118,20,Wrapper_Fishburn,ABCMeta,0,0.7765
1119,21,Wrapper_Fishburn,ABCMeta,0,0.7765
1120,22,Wrapper_Fishburn,ABCMeta,0,0.806
1121,23,Wrapper_Fishburn,ABCMeta,0,0.806
1122,24,Wrapper_Fishburn,ABCMeta,0,0.806
1123,25,Wrapper_Fishburn,ABCMeta,0,0.806
1124,26,Wrapper_Fishburn,ABCMeta,0,0.806
1125,27,Wrapper_Fishburn,ABCMeta,0,0.806
1126,28,Wrapper_Fishburn,ABCMeta,0,0.806
1127,29,Wrapper_Fishburn,ABCMeta,0,0.806
1128,30,Wrapper_Fishburn,ABCMeta,0,0.806
1129,31,Wrapper_Fishburn,ABCMeta,0,0.806
1130,32,Wrapper_Fishburn,ABCMeta,0,0.806
1131,33,Wrapper_Fishburn,ABCMeta,0,0.806
1132,34,Wrapper_Fishburn,ABCMeta,0,0.806
1133,35,Wrapper_Fishburn,ABCMeta,0,0.806
1134,36,Wrapper_Fishburn,ABCMeta,0,0.806
1135,37,Wrapper_Fishburn,ABCMeta,0,0.806
1136,38,Wrapper_Fishburn,ABCMeta,0,0.806
1137,39,Wrapper_Fishburn,ABCMeta,0,0.806
1138,40,Wrapper_Fishburn,ABCMeta,0,0.806
1139,41,Wrapper_Fishburn,ABCMeta,0,0.806
1140,42,Wrapper_Fishburn,ABCMeta,0,0.806
1141,43,Wrapper_Fishburn,ABCMeta,0,0.806
1142,44,Wrapper_Fishburn,ABCMeta,0,0.806
1143,45,Wrapper_Fishburn,ABCMeta,0,0.806
1144,46,Wrapper_Fishburn,ABCMeta,0,0.806
1145,47,Wrapper_Fishburn,ABCMeta,0,0.806
1146,48,Wrapper_Fishburn,ABCMeta,0,0.806
1147,49,Wrapper_Fishburn,ABCMeta,0,0.806
1148,50,Wrapper_Fishburn,ABCMeta,0,0.806
1149,51,Wrapper_Fishburn,ABCMeta,0,0.806
1150,52,Wrapper_Fishburn,ABCMeta,0,0.806
1151,53,Wrapper_Fishburn,ABCMeta,0,0.806
1152,54,Wrapper_Fishburn,ABCMeta,0,0.806
1153,55,Wrapper_Fishburn,ABCMeta,0,0.806
1154,56,Wrapper_Fishburn,ABCMeta,0,0.806
1155,57,Wrapper_Fishburn,ABCMeta,0,0.806
1156,58,Wrapper_Fishburn,ABCMeta,0,0.806
1157,59,Wrapper_Fishburn,ABCMeta,0,0.806
1158,60,Wrapper_Fishburn,ABCMeta,0,0.806
1159,61,Wrapper_Fishburn,ABCMeta,0,0.806
1160,62,Wrapper_Fishburn,ABCMeta,0,0.806
1161,63,Wrapper_Fishburn,ABCMeta,0,0.806
1162,64,Wrapper_Fishburn,ABCMeta,0,0.806
1163,65,Wrapper_Fishburn,ABCMeta,0,0.806
1164,66,Wrapper_Fishburn,ABCMeta,0,0.806
1165,67,Wrapper_Fishburn,ABCMeta,0,0.806
1166,68,Wrapper_Fishburn,ABCMeta,0,0.806
1167,69,Wrapper_Fishburn,ABCMeta,0,0.806
1168,70,Wrapper_Fishburn,ABCMeta,0,0.806
1169,71,Wrapper_Fishburn,ABCMeta,0,0.806
1170,72,Wrapper_Fishburn,ABCMeta,0,0.806
1171,73,Wrapper_Fishburn,ABCMeta,0,0.806
1172,74,Wrapper_Fishburn,ABCMeta,0,0.806
1173,75,Wrapper_Fishburn,ABCMeta,0,0.806
1174,76,Wrapper_Fishburn,ABCMeta,0,0.806
1175,77,Wrapper_Fishburn,ABCMeta,0,0.806
1176,78,Wrapper_Fishburn,ABCMeta,0,0.806
1177,79,Wrapper_Fishburn,ABCMeta,0,0.806
1178,80,Wrapper_Fishburn,ABCMeta,0,0.806
1179,81,Wrapper_Fishburn,ABCMeta,0,0.806
1180,82,Wrapper_Fishburn,ABCMeta,0,0.806
1181,83,Wrapper_Fishburn,ABCMeta,0,0.806
1182,84,Wrapper_Fishburn,ABCMeta,0,0.806
1183,85,Wrapper_Fishburn,ABCMeta,0,0.806
1184,86,Wrapper_Fishburn,ABCMeta,0,0.806
1185,87,Wrapper_Fishburn,ABCMeta,0,0.806
1186,88,Wrapper_Fishburn,ABCMeta,0,0.806
1187,89,Wrapper_Fishburn,ABCMeta,0,0.806
1188,90,Wrapper_Fishburn,ABCMeta,0,0.806
1189,91,Wrapper_Fishburn,ABCMeta,0,0.806
1190,92,Wrapper_Fishburn,ABCMeta,0,0.806
1191,93,Wrapper_Fishburn,ABCMeta,0,0.806
1192,94,Wrapper_Fishburn,ABCMeta,0,0.806
1193,95,Wrapper_Fishburn,ABCMeta,0,0.806
1194,96,Wrapper_Fishburn,ABCMeta,0,0.806
1195,97,Wrapper_Fishburn,ABCMeta,0,0.806
1196,98,Wrapper_Fishburn,ABCMeta,0,0.806
1197,99,Wrapper_Fishburn,ABCMeta,0,0.806
1198,100,Wrapper_Fishburn,ABCMeta,0,0.806
1199,101,Wrapper_Fishburn,ABCMeta,0,0.806
1200,9,Wrapper_NSGA2,ABCMeta,1,0.83
1201,11,Wrapper_NSGA2,ABCMeta,1,0.83
1202,13,Wrapper_NSGA2,ABCMeta,1,0.83
1203,14,Wrapper_NSGA2,ABCMeta,1,0.83
1204,16,Wrapper_NSGA2,ABCMeta,1,0.83
1205,17,Wrapper_NSGA2,ABCMeta,1,0.83
1206,17,Wrapper_NSGA2,ABCMeta,1,0.83
1207,19,Wrapper_NSGA2,ABCMeta,1,0.83
1208,20,Wrapper_NSGA2,ABCMeta,1,0.83
1209,21,Wrapper_NSGA2,ABCMeta,1,0.83
1210,21,Wrapper_NSGA2,ABCMeta,1,0.83
1211,25,Wrapper_NSGA2,ABCMeta,1,0.83
1212,26,Wrapper_NSGA2,ABCMeta,1,0.83
1213,28,Wrapper_NSGA2,ABCMeta,1,0.83
1214,29,Wrapper_NSGA2,ABCMeta,1,0.83
1215,30,Wrapper_NSGA2,ABCMeta,1,0.83
1216,32,Wrapper_NSGA2,ABCMeta,1,0.83
1217,33,Wrapper_NSGA2,ABCMeta,1,0.83
1218,35,Wrapper_NSGA2,ABCMeta,1,0.83
1219,36,Wrapper_NSGA2,ABCMeta,1,0.83
1220,38,Wrapper_NSGA2,ABCMeta,1,0.83
1221,39,Wrapper_NSGA2,ABCMeta,1,0.83
1222,39,Wrapper_NSGA2,ABCMeta,1,0.83
1223,39,Wrapper_NSGA2,ABCMeta,1,0.83
1224,40,Wrapper_NSGA2,ABCMeta,1,0.83
1225,40,Wrapper_NSGA2,ABCMeta,1,0.83
1226,40,Wrapper_NSGA2,ABCMeta,1,0.83
1227,41,Wrapper_NSGA2,ABCMeta,1,0.83
1228,42,Wrapper_NSGA2,ABCMeta,1,0.83
1229,42,Wrapper_NSGA2,ABCMeta,1,0.83
1230,46,Wrapper_NSGA2,ABCMeta,1,0.83
1231,46,Wrapper_NSGA2,ABCMeta,1,0.83
1232,46,Wrapper_NSGA2,ABCMeta,1,0.83
1233,47,Wrapper_NSGA2,ABCMeta,1,0.83
1234,47,Wrapper_NSGA2,ABCMeta,1,0.83
1235,47,Wrapper_NSGA2,ABCMeta,1,0.83
1236,48,Wrapper_NSGA2,ABCMeta,1,0.83
1237,49,Wrapper_NSGA2,ABCMeta,1,0.83
1238,50,Wrapper_NSGA2,ABCMeta,1,0.83
1239,51,Wrapper_NSGA2,ABCMeta,1,0.83
1240,51,Wrapper_NSGA2,ABCMeta,1,0.83
1241,52,Wrapper_NSGA2,ABCMeta,1,0.83
1242,53,Wrapper_NSGA2,ABCMeta,1,0.83
1243,54,Wrapper_NSGA2,ABCMeta,1,0.83
1244,55,Wrapper_NSGA2,ABCMeta,1,0.83
1245,56,Wrapper_NSGA2,ABCMeta,1,0.83
1246,58,Wrapper_NSGA2,ABCMeta,1,0.83
1247,61,Wrapper_NSGA2,ABCMeta,1,0.83
1248,62,Wrapper_NSGA2,ABCMeta,1,0.83
1249,62,Wrapper_NSGA2,ABCMeta,1,0.83
1250,63,Wrapper_NSGA2,ABCMeta,1,0.8354999999999999
1251,66,Wrapper_NSGA2,ABCMeta,1,0.8354999999999999
1252,67,Wrapper_NSGA2,ABCMeta,1,0.8354999999999999
1253,69,Wrapper_NSGA2,ABCMeta,1,0.8354999999999999
1254,71,Wrapper_NSGA2,ABCMeta,1,0.8354999999999999
1255,71,Wrapper_NSGA2,ABCMeta,1,0.8354999999999999
1256,72,Wrapper_NSGA2,ABCMeta,1,0.8354999999999999
1257,73,Wrapper_NSGA2,ABCMeta,1,0.8354999999999999
1258,76,Wrapper_NSGA2,ABCMeta,1,0.8354999999999999
1259,78,Wrapper_NSGA2,ABCMeta,1,0.8354999999999999
1260,79,Wrapper_NSGA2,ABCMeta,1,0.8354999999999999
1261,79,Wrapper_NSGA2,ABCMeta,1,0.8354999999999999
1262,79,Wrapper_NSGA2,ABCMeta,1,0.8354999999999999
1263,80,Wrapper_NSGA2,ABCMeta,1,0.8354999999999999
1264,80,Wrapper_NSGA2,ABCMeta,1,0.8354999999999999
1265,80,Wrapper_NSGA2,ABCMeta,1,0.8354999999999999
1266,80,Wrapper_NSGA2,ABCMeta,1,0.8354999999999999
1267,81,Wrapper_NSGA2,ABCMeta,1,0.8354999999999999
1268,81,Wrapper_NSGA2,ABCMeta,1,0.8354999999999999
1269,83,Wrapper_NSGA2,ABCMeta,1,0.8354999999999999
1270,84,Wrapper_NSGA2,ABCMeta,1,0.8354999999999999
1271,87,Wrapper_NSGA2,ABCMeta,1,0.8354999999999999
1272,88,Wrapper_NSGA2,ABCMeta,1,0.8354999999999999
1273,89,Wrapper_NSGA2,ABCMeta,1,0.8354999999999999
1274,91,Wrapper_NSGA2,ABCMeta,1,0.8354999999999999
1275,94,Wrapper_NSGA2,ABCMeta,1,0.8374999999999999
1276,96,Wrapper_NSGA2,ABCMeta,1,0.8374999999999999
1277,97,Wrapper_NSGA2,ABCMeta,1,0.8374999999999999
1278,98,Wrapper_NSGA2,ABCMeta,1,0.8374999999999999
1279,100,Wrapper_NSGA2,ABCMeta,1,0.8374999999999999
1280,100,Wrapper_NSGA2,ABCMeta,1,0.8374999999999999
1281,101,Wrapper_NSGA2,ABCMeta,1,0.8374999999999999
1282,103,Wrapper_NSGA2,ABCMeta,1,0.8414999999999999
1283,103,Wrapper_NSGA2,ABCMeta,1,0.8414999999999999
1284,105,Wrapper_NSGA2,ABCMeta,1,0.8414999999999999
1285,105,Wrapper_NSGA2,ABCMeta,1,0.8414999999999999
1286,106,Wrapper_NSGA2,ABCMeta,1,0.8414999999999999
1287,108,Wrapper_NSGA2,ABCMeta,1,0.8414999999999999
1288,109,Wrapper_NSGA2,ABCMeta,1,0.8414999999999999
1289,111,Wrapper_NSGA2,ABCMeta,1,0.8414999999999999
1290,111,Wrapper_NSGA2,ABCMeta,1,0.8414999999999999
1291,111,Wrapper_NSGA2,ABCMeta,1,0.8414999999999999
1292,112,Wrapper_NSGA2,ABCMeta,1,0.8414999999999999
1293,113,Wrapper_NSGA2,ABCMeta,1,0.8414999999999999
1294,113,Wrapper_NSGA2,ABCMeta,1,0.8414999999999999
1295,115,Wrapper_NSGA2,ABCMeta,1,0.8414999999999999
1296,116,Wrapper_NSGA2,ABCMeta,1,0.8414999999999999
1297,118,Wrapper_NSGA2,ABCMeta,1,0.8414999999999999
1298,119,Wrapper_NSGA2,ABCMeta,1,0.8414999999999999
1299,120,Wrapper_NSGA2,ABCMeta,1,0.8445
1300,1,Wrapper_Model,ABCMeta,1,0.502
1301,2,Wrapper_Model,ABCMeta,1,0.6725000000000001
1302,3,Wrapper_Model,ABCMeta,1,0.6725000000000001
1303,4,Wrapper_Model,ABCMeta,1,0.6725000000000001
1304,5,Wrapper_Model,ABCMeta,1,0.6725000000000001
1305,6,Wrapper_Model,ABCMeta,1,0.7665
1306,7,Wrapper_Model,ABCMeta,1,0.7665
1307,8,Wrapper_Model,ABCMeta,1,0.7665
1308,9,Wrapper_Model,ABCMeta,1,0.767
1309,10,Wrapper_Model,ABCMeta,1,0.767
1310,11,Wrapper_Model,ABCMeta,1,0.767
1311,12,Wrapper_Model,ABCMeta,1,0.767
1312,13,Wrapper_Model,ABCMeta,1,0.813
1313,14,Wrapper_Model,ABCMeta,1,0.813
1314,15,Wrapper_Model,ABCMeta,1,0.813
1315,16,Wrapper_Model,ABCMeta,1,0.813
1316,17,Wrapper_Model,ABCMeta,1,0.813
1317,18,Wrapper_Model,ABCMeta,1,0.813
1318,19,Wrapper_Model,ABCMeta,1,0.813
1319,20,Wrapper_Model,ABCMeta,1,0.813
1320,21,Wrapper_Model,ABCMeta,1,0.813
1321,22,Wrapper_Model,ABCMeta,1,0.813
1322,23,Wrapper_Model,ABCMeta,1,0.813
1323,24,Wrapper_Model,ABCMeta,1,0.813
1324,25,Wrapper_Model,ABCMeta,1,0.813
1325,26,Wrapper_Model,ABCMeta,1,0.813
1326,27,Wrapper_Model,ABCMeta,1,0.813
1327,28,Wrapper_Model,ABCMeta,1,0.813
1328,29,Wrapper_Model,ABCMeta,1,0.813
1329,30,Wrapper_Model,ABCMeta,1,0.813
1330,31,Wrapper_Model,ABCMeta,1,0.813
1331,32,Wrapper_Model,ABCMeta,1,0.813
1332,33,Wrapper_Model,ABCMeta,1,0.813
1333,34,Wrapper_Model,ABCMeta,1,0.813
1334,35,Wrapper_Model,ABCMeta,1,0.813
1335,36,Wrapper_Model,ABCMeta,1,0.813
1336,37,Wrapper_Model,ABCMeta,1,0.813
1337,38,Wrapper_Model,ABCMeta,1,0.813
1338,39,Wrapper_Model,ABCMeta,1,0.813
1339,40,Wrapper_Model,ABCMeta,1,0.8180000000000001
1340,41,Wrapper_Model,ABCMeta,1,0.8180000000000001
1341,42,Wrapper_Model,ABCMeta,1,0.8180000000000001
1342,43,Wrapper_Model,ABCMeta,1,0.8180000000000001
1343,44,Wrapper_Model,ABCMeta,1,0.8180000000000001
1344,45,Wrapper_Model,ABCMeta,1,0.8180000000000001
1345,46,Wrapper_Model,ABCMeta,1,0.8180000000000001
1346,47,Wrapper_Model,ABCMeta,1,0.8180000000000001
1347,48,Wrapper_Model,ABCMeta,1,0.8180000000000001
1348,49,Wrapper_Model,ABCMeta,1,0.8180000000000001
1349,50,Wrapper_Model,ABCMeta,1,0.8180000000000001
1350,51,Wrapper_Model,ABCMeta,1,0.8180000000000001
1351,52,Wrapper_Model,ABCMeta,1,0.8180000000000001
1352,53,Wrapper_Model,ABCMeta,1,0.8180000000000001
1353,54,Wrapper_Model,ABCMeta,1,0.8180000000000001
1354,55,Wrapper_Model,ABCMeta,1,0.8180000000000001
1355,56,Wrapper_Model,ABCMeta,1,0.8180000000000001
1356,57,Wrapper_Model,ABCMeta,1,0.8180000000000001
1357,58,Wrapper_Model,ABCMeta,1,0.8180000000000001
1358,59,Wrapper_Model,ABCMeta,1,0.8180000000000001
1359,60,Wrapper_Model,ABCMeta,1,0.8180000000000001
1360,61,Wrapper_Model,ABCMeta,1,0.8180000000000001
1361,62,Wrapper_Model,ABCMeta,1,0.8180000000000001
1362,63,Wrapper_Model,ABCMeta,1,0.8180000000000001
1363,64,Wrapper_Model,ABCMeta,1,0.8180000000000001
1364,65,Wrapper_Model,ABCMeta,1,0.8180000000000001
1365,66,Wrapper_Model,ABCMeta,1,0.8180000000000001
1366,67,Wrapper_Model,ABCMeta,1,0.8180000000000001
1367,68,Wrapper_Model,ABCMeta,1,0.8180000000000001
1368,69,Wrapper_Model,ABCMeta,1,0.8180000000000001
1369,70,Wrapper_Model,ABCMeta,1,0.8180000000000001
1370,71,Wrapper_Model,ABCMeta,1,0.8180000000000001
1371,72,Wrapper_Model,ABCMeta,1,0.8180000000000001
1372,73,Wrapper_Model,ABCMeta,1,0.8180000000000001
1373,74,Wrapper_Model,ABCMeta,1,0.8180000000000001
1374,75,Wrapper_Model,ABCMeta,1,0.8180000000000001
1375,76,Wrapper_Model,ABCMeta,1,0.8180000000000001
1376,77,Wrapper_Model,ABCMeta,1,0.8180000000000001
1377,78,Wrapper_Model,ABCMeta,1,0.8180000000000001
1378,79,Wrapper_Model,ABCMeta,1,0.8180000000000001
1379,80,Wrapper_Model,ABCMeta,1,0.8180000000000001
1380,81,Wrapper_Model,ABCMeta,1,0.8180000000000001
1381,81,Wrapper_Model,ABCMeta,1,0.8180000000000001
1382,82,Wrapper_Model,ABCMeta,1,0.8180000000000001
1383,83,Wrapper_Model,ABCMeta,1,0.8180000000000001
1384,84,Wrapper_Model,ABCMeta,1,0.8180000000000001
1385,85,Wrapper_Model,ABCMeta,1,0.822
1386,86,Wrapper_Model,ABCMeta,1,0.822
1387,87,Wrapper_Model,ABCMeta,1,0.822
1388,88,Wrapper_Model,ABCMeta,1,0.822
1389,89,Wrapper_Model,ABCMeta,1,0.822
1390,90,Wrapper_Model,ABCMeta,1,0.822
1391,91,Wrapper_Model,ABCMeta,1,0.822
1392,92,Wrapper_Model,ABCMeta,1,0.822
1393,93,Wrapper_Model,ABCMeta,1,0.822
1394,94,Wrapper_Model,ABCMeta,1,0.822
1395,95,Wrapper_Model,ABCMeta,1,0.822
1396,96,Wrapper_Model,ABCMeta,1,0.822
1397,97,Wrapper_Model,ABCMeta,1,0.822
1398,98,Wrapper_Model,ABCMeta,1,0.822
1399,99,Wrapper_Model,ABCMeta,1,0.822
1400,2,Wrapper_Fishburn,ABCMeta,1,0.779
1401,3,Wrapper_Fishburn,ABCMeta,1,0.779
1402,4,Wrapper_Fishburn,ABCMeta,1,0.779
1403,5,Wrapper_Fishburn,ABCMeta,1,0.779
1404,6,Wrapper_Fishburn,ABCMeta,1,0.7915000000000001
1405,7,Wrapper_Fishburn,ABCMeta,1,0.7915000000000001
1406,8,Wrapper_Fishburn,ABCMeta,1,0.7915000000000001
1407,9,Wrapper_Fishburn,ABCMeta,1,0.7915000000000001
1408,10,Wrapper_Fishburn,ABCMeta,1,0.7915000000000001
1409,11,Wrapper_Fishburn,ABCMeta,1,0.7915000000000001
1410,12,Wrapper_Fishburn,ABCMeta,1,0.7915000000000001
1411,13,Wrapper_Fishburn,ABCMeta,1,0.814
1412,14,Wrapper_Fishburn,ABCMeta,1,0.814
1413,15,Wrapper_Fishburn,ABCMeta,1,0.814
1414,16,Wrapper_Fishburn,ABCMeta,1,0.8215
1415,17,Wrapper_Fishburn,ABCMeta,1,0.8215
1416,18,Wrapper_Fishburn,ABCMeta,1,0.825
1417,19,Wrapper_Fishburn,ABCMeta,1,0.825
1418,20,Wrapper_Fishburn,ABCMeta,1,0.825
1419,21,Wrapper_Fishburn,ABCMeta,1,0.825
1420,22,Wrapper_Fishburn,ABCMeta,1,0.825
1421,23,Wrapper_Fishburn,ABCMeta,1,0.825
1422,24,Wrapper_Fishburn,ABCMeta,1,0.825
1423,25,Wrapper_Fishburn,ABCMeta,1,0.825
1424,26,Wrapper_Fishburn,ABCMeta,1,0.834
1425,27,Wrapper_Fishburn,ABCMeta,1,0.834
1426,28,Wrapper_Fishburn,ABCMeta,1,0.834
1427,29,Wrapper_Fishburn,ABCMeta,1,0.834
1428,30,Wrapper_Fishburn,ABCMeta,1,0.834
1429,31,Wrapper_Fishburn,ABCMeta,1,0.834
1430,32,Wrapper_Fishburn,ABCMeta,1,0.834
1431,33,Wrapper_Fishburn,ABCMeta,1,0.834
1432,34,Wrapper_Fishburn,ABCMeta,1,0.834
1433,35,Wrapper_Fishburn,ABCMeta,1,0.834
1434,36,Wrapper_Fishburn,ABCMeta,1,0.834
1435,37,Wrapper_Fishburn,ABCMeta,1,0.834
1436,38,Wrapper_Fishburn,ABCMeta,1,0.834
1437,39,Wrapper_Fishburn,ABCMeta,1,0.834
1438,40,Wrapper_Fishburn,ABCMeta,1,0.834
1439,41,Wrapper_Fishburn,ABCMeta,1,0.834
1440,42,Wrapper_Fishburn,ABCMeta,1,0.834
1441,43,Wrapper_Fishburn,ABCMeta,1,0.834
1442,44,Wrapper_Fishburn,ABCMeta,1,0.834
1443,45,Wrapper_Fishburn,ABCMeta,1,0.834
1444,46,Wrapper_Fishburn,ABCMeta,1,0.834
1445,47,Wrapper_Fishburn,ABCMeta,1,0.834
1446,48,Wrapper_Fishburn,ABCMeta,1,0.834
1447,49,Wrapper_Fishburn,ABCMeta,1,0.834
1448,50,Wrapper_Fishburn,ABCMeta,1,0.834
1449,51,Wrapper_Fishburn,ABCMeta,1,0.834
1450,52,Wrapper_Fishburn,ABCMeta,1,0.834
1451,53,Wrapper_Fishburn,ABCMeta,1,0.834
1452,54,Wrapper_Fishburn,ABCMeta,1,0.834
1453,55,Wrapper_Fishburn,ABCMeta,1,0.834
1454,56,Wrapper_Fishburn,ABCMeta,1,0.834
1455,57,Wrapper_Fishburn,ABCMeta,1,0.834
1456,58,Wrapper_Fishburn,ABCMeta,1,0.834
1457,59,Wrapper_Fishburn,ABCMeta,1,0.834
1458,60,Wrapper_Fishburn,ABCMeta,1,0.834
1459,61,Wrapper_Fishburn,ABCMeta,1,0.834
1460,62,Wrapper_Fishburn,ABCMeta,1,0.834
1461,63,Wrapper_Fishburn,ABCMeta,1,0.834
1462,64,Wrapper_Fishburn,ABCMeta,1,0.834
1463,65,Wrapper_Fishburn,ABCMeta,1,0.834
1464,66,Wrapper_Fishburn,ABCMeta,1,0.834
1465,67,Wrapper_Fishburn,ABCMeta,1,0.834
1466,68,Wrapper_Fishburn,ABCMeta,1,0.834
1467,69,Wrapper_Fishburn,ABCMeta,1,0.834
1468,70,Wrapper_Fishburn,ABCMeta,1,0.834
1469,71,Wrapper_Fishburn,ABCMeta,1,0.834
1470,72,Wrapper_Fishburn,ABCMeta,1,0.834
1471,73,Wrapper_Fishburn,ABCMeta,1,0.834
1472,74,Wrapper_Fishburn,ABCMeta,1,0.834
1473,75,Wrapper_Fishburn,ABCMeta,1,0.834
1474,76,Wrapper_Fishburn,ABCMeta,1,0.834
1475,77,Wrapper_Fishburn,ABCMeta,1,0.834
1476,78,Wrapper_Fishburn,ABCMeta,1,0.834
1477,79,Wrapper_Fishburn,ABCMeta,1,0.834
1478,80,Wrapper_Fishburn,ABCMeta,1,0.834
1479,81,Wrapper_Fishburn,ABCMeta,1,0.834
1480,82,Wrapper_Fishburn,ABCMeta,1,0.834
1481,83,Wrapper_Fishburn,ABCMeta,1,0.834
1482,84,Wrapper_Fishburn,ABCMeta,1,0.834
1483,85,Wrapper_Fishburn,ABCMeta,1,0.834
1484,86,Wrapper_Fishburn,ABCMeta,1,0.834
1485,87,Wrapper_Fishburn,ABCMeta,1,0.834
1486,88,Wrapper_Fishburn,ABCMeta,1,0.834
1487,89,Wrapper_Fishburn,ABCMeta,1,0.834
1488,90,Wrapper_Fishburn,ABCMeta,1,0.834
1489,91,Wrapper_Fishburn,ABCMeta,1,0.834
1490,92,Wrapper_Fishburn,ABCMeta,1,0.834
1491,93,Wrapper_Fishburn,ABCMeta,1,0.834
1492,94,Wrapper_Fishburn,ABCMeta,1,0.834
1493,95,Wrapper_Fishburn,ABCMeta,1,0.834
1494,96,Wrapper_Fishburn,ABCMeta,1,0.834
1495,97,Wrapper_Fishburn,ABCMeta,1,0.834
1496,98,Wrapper_Fishburn,ABCMeta,1,0.834
1497,99,Wrapper_Fishburn,ABCMeta,1,0.834
1498,100,Wrapper_Fishburn,ABCMeta,1,0.834
1499,101,Wrapper_Fishburn,ABCMeta,1,0.834
1500,6,Wrapper_NSGA2,ABCMeta,2,0.7235
1501,7,Wrapper_NSGA2,ABCMeta,2,0.7315
1502,8,Wrapper_NSGA2,ABCMeta,2,0.7315
1503,9,Wrapper_NSGA2,ABCMeta,2,0.7315
1504,11,Wrapper_NSGA2,ABCMeta,2,0.7315
1505,13,Wrapper_NSGA2,ABCMeta,2,0.7315
1506,13,Wrapper_NSGA2,ABCMeta,2,0.7315
1507,14,Wrapper_NSGA2,ABCMeta,2,0.7315
1508,15,Wrapper_NSGA2,ABCMeta,2,0.7315
1509,18,Wrapper_NSGA2,ABCMeta,2,0.7315
1510,20,Wrapper_NSGA2,ABCMeta,2,0.7364999999999999
1511,23,Wrapper_NSGA2,ABCMeta,2,0.7364999999999999
1512,23,Wrapper_NSGA2,ABCMeta,2,0.7364999999999999
1513,25,Wrapper_NSGA2,ABCMeta,2,0.7364999999999999
1514,26,Wrapper_NSGA2,ABCMeta,2,0.7364999999999999
1515,27,Wrapper_NSGA2,ABCMeta,2,0.7375
1516,27,Wrapper_NSGA2,ABCMeta,2,0.7375
1517,27,Wrapper_NSGA2,ABCMeta,2,0.7375
1518,28,Wrapper_NSGA2,ABCMeta,2,0.7375
1519,29,Wrapper_NSGA2,ABCMeta,2,0.7375
1520,29,Wrapper_NSGA2,ABCMeta,2,0.7375
1521,32,Wrapper_NSGA2,ABCMeta,2,0.802
1522,34,Wrapper_NSGA2,ABCMeta,2,0.8205
1523,34,Wrapper_NSGA2,ABCMeta,2,0.8205
1524,35,Wrapper_NSGA2,ABCMeta,2,0.8205
1525,36,Wrapper_NSGA2,ABCMeta,2,0.8205
1526,38,Wrapper_NSGA2,ABCMeta,2,0.828
1527,38,Wrapper_NSGA2,ABCMeta,2,0.828
1528,38,Wrapper_NSGA2,ABCMeta,2,0.828
1529,40,Wrapper_NSGA2,ABCMeta,2,0.828
1530,42,Wrapper_NSGA2,ABCMeta,2,0.8294999999999999
1531,43,Wrapper_NSGA2,ABCMeta,2,0.8294999999999999
1532,43,Wrapper_NSGA2,ABCMeta,2,0.8294999999999999
1533,44,Wrapper_NSGA2,ABCMeta,2,0.8294999999999999
1534,44,Wrapper_NSGA2,ABCMeta,2,0.8294999999999999
1535,46,Wrapper_NSGA2,ABCMeta,2,0.8294999999999999
1536,49,Wrapper_NSGA2,ABCMeta,2,0.8294999999999999
1537,50,Wrapper_NSGA2,ABCMeta,2,0.8394999999999999
1538,50,Wrapper_NSGA2,ABCMeta,2,0.8394999999999999
1539,51,Wrapper_NSGA2,ABCMeta,2,0.8394999999999999
1540,51,Wrapper_NSGA2,ABCMeta,2,0.8394999999999999
1541,52,Wrapper_NSGA2,ABCMeta,2,0.8394999999999999
1542,52,Wrapper_NSGA2,ABCMeta,2,0.8394999999999999
1543,54,Wrapper_NSGA2,ABCMeta,2,0.8394999999999999
1544,54,Wrapper_NSGA2,ABCMeta,2,0.8394999999999999
1545,55,Wrapper_NSGA2,ABCMeta,2,0.8394999999999999
1546,55,Wrapper_NSGA2,ABCMeta,2,0.8394999999999999
1547,58,Wrapper_NSGA2,ABCMeta,2,0.8394999999999999
1548,59,Wrapper_NSGA2,ABCMeta,2,0.8394999999999999
1549,60,Wrapper_NSGA2,ABCMeta,2,0.8394999999999999
1550,62,Wrapper_NSGA2,ABCMeta,2,0.8394999999999999
1551,63,Wrapper_NSGA2,ABCMeta,2,0.8394999999999999
1552,63,Wrapper_NSGA2,ABCMeta,2,0.8394999999999999
1553,64,Wrapper_NSGA2,ABCMeta,2,0.8394999999999999
1554,65,Wrapper_NSGA2,ABCMeta,2,0.8394999999999999
1555,66,Wrapper_NSGA2,ABCMeta,2,0.8394999999999999
1556,66,Wrapper_NSGA2,ABCMeta,2,0.8394999999999999
1557,69,Wrapper_NSGA2,ABCMeta,2,0.8394999999999999
1558,71,Wrapper_NSGA2,ABCMeta,2,0.8394999999999999
1559,72,Wrapper_NSGA2,ABCMeta,2,0.8394999999999999
1560,73,Wrapper_NSGA2,ABCMeta,2,0.8394999999999999
1561,77,Wrapper_NSGA2,ABCMeta,2,0.8454999999999999
1562,78,Wrapper_NSGA2,ABCMeta,2,0.8454999999999999
1563,81,Wrapper_NSGA2,ABCMeta,2,0.8454999999999999
1564,81,Wrapper_NSGA2,ABCMeta,2,0.8454999999999999
1565,83,Wrapper_NSGA2,ABCMeta,2,0.8454999999999999
1566,84,Wrapper_NSGA2,ABCMeta,2,0.8454999999999999
1567,85,Wrapper_NSGA2,ABCMeta,2,0.8454999999999999
1568,86,Wrapper_NSGA2,ABCMeta,2,0.8454999999999999
1569,86,Wrapper_NSGA2,ABCMeta,2,0.8454999999999999
1570,87,Wrapper_NSGA2,ABCMeta,2,0.8454999999999999
1571,90,Wrapper_NSGA2,ABCMeta,2,0.8454999999999999
1572,92,Wrapper_NSGA2,ABCMeta,2,0.8454999999999999
1573,93,Wrapper_NSGA2,ABCMeta,2,0.8454999999999999
1574,93,Wrapper_NSGA2,ABCMeta,2,0.8454999999999999
1575,94,Wrapper_NSGA2,ABCMeta,2,0.8454999999999999
1576,95,Wrapper_NSGA2,ABCMeta,2,0.8454999999999999
1577,96,Wrapper_NSGA2,ABCMeta,2,0.8454999999999999
1578,99,Wrapper_NSGA2,ABCMeta,2,0.8454999999999999
1579,99,Wrapper_NSGA2,ABCMeta,2,0.8454999999999999
1580,102,Wrapper_NSGA2,ABCMeta,2,0.8454999999999999
1581,103,Wrapper_NSGA2,ABCMeta,2,0.8454999999999999
1582,103,Wrapper_NSGA2,ABCMeta,2,0.8454999999999999
1583,103,Wrapper_NSGA2,ABCMeta,2,0.8454999999999999
1584,105,Wrapper_NSGA2,ABCMeta,2,0.8454999999999999
1585,107,Wrapper_NSGA2,ABCMeta,2,0.8454999999999999
1586,109,Wrapper_NSGA2,ABCMeta,2,0.8454999999999999
1587,111,Wrapper_NSGA2,ABCMeta,2,0.8454999999999999
1588,112,Wrapper_NSGA2,ABCMeta,2,0.8454999999999999
1589,113,Wrapper_NSGA2,ABCMeta,2,0.8454999999999999
1590,114,Wrapper_NSGA2,ABCMeta,2,0.8454999999999999
1591,114,Wrapper_NSGA2,ABCMeta,2,0.8454999999999999
1592,114,Wrapper_NSGA2,ABCMeta,2,0.8454999999999999
1593,116,Wrapper_NSGA2,ABCMeta,2,0.8454999999999999
1594,119,Wrapper_NSGA2,ABCMeta,2,0.8454999999999999
1595,119,Wrapper_NSGA2,ABCMeta,2,0.8454999999999999
1596,121,Wrapper_NSGA2,ABCMeta,2,0.8454999999999999
1597,123,Wrapper_NSGA2,ABCMeta,2,0.8454999999999999
1598,126,Wrapper_NSGA2,ABCMeta,2,0.8454999999999999
1599,127,Wrapper_NSGA2,ABCMeta,2,0.8454999999999999
1600,1,Wrapper_Model,ABCMeta,2,0.6045
1601,2,Wrapper_Model,ABCMeta,2,0.736
1602,3,Wrapper_Model,ABCMeta,2,0.736
1603,4,Wrapper_Model,ABCMeta,2,0.736
1604,5,Wrapper_Model,ABCMeta,2,0.736
1605,6,Wrapper_Model,ABCMeta,2,0.8115
1606,7,Wrapper_Model,ABCMeta,2,0.8115
1607,8,Wrapper_Model,ABCMeta,2,0.8115
1608,9,Wrapper_Model,ABCMeta,2,0.8115
1609,10,Wrapper_Model,ABCMeta,2,0.8115
1610,11,Wrapper_Model,ABCMeta,2,0.8115
1611,12,Wrapper_Model,ABCMeta,2,0.8115
1612,13,Wrapper_Model,ABCMeta,2,0.8115
1613,14,Wrapper_Model,ABCMeta,2,0.8115
1614,15,Wrapper_Model,ABCMeta,2,0.8115
1615,16,Wrapper_Model,ABCMeta,2,0.8115
1616,17,Wrapper_Model,ABCMeta,2,0.8115
1617,18,Wrapper_Model,ABCMeta,2,0.8115
1618,19,Wrapper_Model,ABCMeta,2,0.8115
1619,20,Wrapper_Model,ABCMeta,2,0.8115
1620,21,Wrapper_Model,ABCMeta,2,0.8115
1621,22,Wrapper_Model,ABCMeta,2,0.8115
1622,23,Wrapper_Model,ABCMeta,2,0.8115
1623,24,Wrapper_Model,ABCMeta,2,0.8115
1624,25,Wrapper_Model,ABCMeta,2,0.8115
1625,26,Wrapper_Model,ABCMeta,2,0.8115
1626,27,Wrapper_Model,ABCMeta,2,0.8115
1627,28,Wrapper_Model,ABCMeta,2,0.8115
1628,29,Wrapper_Model,ABCMeta,2,0.8115
1629,30,Wrapper_Model,ABCMeta,2,0.8115
1630,31,Wrapper_Model,ABCMeta,2,0.8115
1631,32,Wrapper_Model,ABCMeta,2,0.8115
1632,33,Wrapper_Model,ABCMeta,2,0.8115
1633,34,Wrapper_Model,ABCMeta,2,0.8115
1634,35,Wrapper_Model,ABCMeta,2,0.8115
1635,36,Wrapper_Model,ABCMeta,2,0.8115
1636,36,Wrapper_Model,ABCMeta,2,0.8115
1637,37,Wrapper_Model,ABCMeta,2,0.8115
1638,38,Wrapper_Model,ABCMeta,2,0.8160000000000001
1639,39,Wrapper_Model,ABCMeta,2,0.8160000000000001
1640,40,Wrapper_Model,ABCMeta,2,0.8160000000000001
1641,41,Wrapper_Model,ABCMeta,2,0.8160000000000001
1642,42,Wrapper_Model,ABCMeta,2,0.8160000000000001
1643,43,Wrapper_Model,ABCMeta,2,0.8160000000000001
1644,44,Wrapper_Model,ABCMeta,2,0.8160000000000001
1645,44,Wrapper_Model,ABCMeta,2,0.8160000000000001
1646,45,Wrapper_Model,ABCMeta,2,0.8160000000000001
1647,46,Wrapper_Model,ABCMeta,2,0.8160000000000001
1648,47,Wrapper_Model,ABCMeta,2,0.8160000000000001
1649,48,Wrapper_Model,ABCMeta,2,0.8160000000000001
1650,49,Wrapper_Model,ABCMeta,2,0.8160000000000001
1651,50,Wrapper_Model,ABCMeta,2,0.8160000000000001
1652,51,Wrapper_Model,ABCMeta,2,0.8160000000000001
1653,52,Wrapper_Model,ABCMeta,2,0.8160000000000001
1654,53,Wrapper_Model,ABCMeta,2,0.8160000000000001
1655,54,Wrapper_Model,ABCMeta,2,0.8160000000000001
1656,55,Wrapper_Model,ABCMeta,2,0.8160000000000001
1657,56,Wrapper_Model,ABCMeta,2,0.8160000000000001
1658,57,Wrapper_Model,ABCMeta,2,0.8160000000000001
1659,58,Wrapper_Model,ABCMeta,2,0.8160000000000001
1660,59,Wrapper_Model,ABCMeta,2,0.8160000000000001
1661,60,Wrapper_Model,ABCMeta,2,0.8160000000000001
1662,61,Wrapper_Model,ABCMeta,2,0.8160000000000001
1663,62,Wrapper_Model,ABCMeta,2,0.8160000000000001
1664,63,Wrapper_Model,ABCMeta,2,0.8160000000000001
1665,64,Wrapper_Model,ABCMeta,2,0.8160000000000001
1666,65,Wrapper_Model,ABCMeta,2,0.8165
1667,66,Wrapper_Model,ABCMeta,2,0.8165
1668,67,Wrapper_Model,ABCMeta,2,0.8165
1669,68,Wrapper_Model,ABCMeta,2,0.8165
1670,69,Wrapper_Model,ABCMeta,2,0.8165
1671,70,Wrapper_Model,ABCMeta,2,0.8165
1672,71,Wrapper_Model,ABCMeta,2,0.8165
1673,72,Wrapper_Model,ABCMeta,2,0.8165
1674,73,Wrapper_Model,ABCMeta,2,0.8165
1675,74,Wrapper_Model,ABCMeta,2,0.8165
1676,75,Wrapper_Model,ABCMeta,2,0.8165
1677,76,Wrapper_Model,ABCMeta,2,0.8165
1678,77,Wrapper_Model,ABCMeta,2,0.8165
1679,78,Wrapper_Model,ABCMeta,2,0.8165
1680,79,Wrapper_Model,ABCMeta,2,0.8165
1681,80,Wrapper_Model,ABCMeta,2,0.8165
1682,81,Wrapper_Model,ABCMeta,2,0.8165
1683,82,Wrapper_Model,ABCMeta,2,0.8165
1684,83,Wrapper_Model,ABCMeta,2,0.8165
1685,84,Wrapper_Model,ABCMeta,2,0.8165
1686,85,Wrapper_Model,ABCMeta,2,0.8165
1687,86,Wrapper_Model,ABCMeta,2,0.8165
1688,87,Wrapper_Model,ABCMeta,2,0.8165
1689,88,Wrapper_Model,ABCMeta,2,0.8165
1690,89,Wrapper_Model,ABCMeta,2,0.8165
1691,90,Wrapper_Model,ABCMeta,2,0.8165
1692,91,Wrapper_Model,ABCMeta,2,0.8165
1693,92,Wrapper_Model,ABCMeta,2,0.8165
1694,93,Wrapper_Model,ABCMeta,2,0.8165
1695,94,Wrapper_Model,ABCMeta,2,0.8165
1696,95,Wrapper_Model,ABCMeta,2,0.8165
1697,96,Wrapper_Model,ABCMeta,2,0.8165
1698,97,Wrapper_Model,ABCMeta,2,0.8165
1699,98,Wrapper_Model,ABCMeta,2,0.8165
